...1,TREE_COMPOSITE_ID,PLOT_COMPOSITE_ID,SPCD,PLOT,SUBP,COUNTYCD,STATECD,PLT_CN,INVYR,CYCLE,MEASYEAR,TREE_CN,COND_CN,CONDID,STATUSCD,DIA,COND_STATUS_CD,LAT,LON,BALIVE,SICOND,DSTRBCD1,DSTRBYR1,DSTRBCD2,DSTRBYR2,DSTRBCD3,DSTRBYR3,SDIMAX_RMRS,SDI_RMRS,SLOPE,ASPECT,CONDPROP_UNADJ,RECONCILECD,TPA_UNADJ,MORTYR,DAMAGE_AGENT_CD1,DAMAGE_AGENT_CD2,DAMAGE_AGENT_CD3,AGENTCD,PREV_STATUS_CD,ADFORCD
38,16_1_35_82730_1_4,16_1_35_82730,108,82730,1,35,16,4722783010690,2004,2,2004,4722798010690,4722786010690,1,1,13.2,1,46.576014,-114.983579,116.013,58,0,NA,NA,NA,NA,NA,700,218.391,50,299,1,NA,6.018046,NA,0,NA,NA,NA,NA,105
308,16_1_49_80045_1_30,16_1_49_80045,108,80045,1,49,16,4726500010690,2004,2,2004,4726539010690,4726503010690,1,1,5,1,45.639982,-115.782832,259.3236,61,0,NA,NA,NA,NA,NA,700,611.1614,10,10,1,NA,6.018046,NA,22000,0,NA,NA,NA,117
353,16_1_49_80045_3_19,16_1_49_80045,108,80045,3,49,16,4726500010690,2004,2,2004,4726610010690,4726503010690,1,2,5.6,1,45.639982,-115.782832,259.3236,61,0,NA,NA,NA,NA,NA,700,611.1614,10,10,1,NA,6.018046,NA,NA,NA,NA,NA,NA,117
424,16_1_49_81221_2_1,16_1_49_81221,122,81221,2,49,16,4726961010690,2004,2,2004,4726978010690,4726964010690,1,1,14,1,45.288584,-116.427125,168.2324,54,0,NA,NA,NA,NA,NA,450,241.5124,38,70,1,NA,6.018046,NA,0,NA,NA,NA,NA,117
469,16_1_49_83525_1_3,16_1_49_83525,122,83525,1,49,16,4727530010690,2004,2,2004,4727542010690,4727533010690,1,1,26.3,1,45.98837,-114.803687,153.915,74,0,NA,NA,NA,NA,NA,450,190.2369,68,276,1,NA,6.018046,NA,0,NA,NA,NA,NA,117
488,16_1_49_83657_2_3,16_1_49_83657,108,83657,2,49,16,4727582010690,2004,2,2004,4727619010690,4727585010690,1,1,9.4,1,46.267759,-114.993931,134.128,38,0,NA,NA,NA,NA,NA,670,257.0672,55,352,1,NA,6.018046,NA,90005,0,NA,NA,NA,117
533,16_1_49_83908_1_16,16_1_49_83908,108,83908,1,49,16,4727741010690,2004,2,2004,4727767010690,4727744010690,1,2,15.6,1,45.773188,-115.26409,134.8194,59,12,2002,0,NA,NA,NA,700,303.875,51,120,1,NA,6.018046,2001,NA,NA,NA,10,NA,117
578,16_1_49_83908_4_6,16_1_49_83908,108,83908,4,49,16,4727741010690,2004,2,2004,4727827010690,4727744010690,1,2,11.1,1,45.773188,-115.26409,134.8194,59,12,2002,0,NA,NA,NA,700,303.875,51,120,1,NA,6.018046,2002,NA,NA,NA,10,NA,117
623,16_1_49_84082_2_18,16_1_49_84082,108,84082,2,49,16,4727926010690,2004,2,2004,4727983010690,4727929010690,1,1,9.4,1,45.750711,-115.626057,187.0521,54,0,NA,NA,NA,NA,NA,700,406.4443,25,295,1,NA,6.018046,NA,0,NA,NA,NA,NA,117
758,16_1_49_84684_4_19,16_1_49_84684,108,84684,4,49,16,4728182010690,2004,2,2004,4728243010690,4728185010690,1,1,8.8,1,45.910483,-115.338932,87.1721,62,22,2002,0,NA,NA,NA,670,154.6559,20,343,1,NA,6.018046,NA,0,NA,NA,NA,NA,117
803,16_1_49_85437_1_9,16_1_49_85437,108,85437,1,49,16,4728539010690,2004,2,2004,4728559010690,4728542010690,1,2,9.7,1,45.77628,-115.774104,137.7095,30,0,NA,NA,NA,NA,NA,735,235.6761,20,272,1,NA,6.018046,2002,NA,NA,NA,10,NA,117
1163,16_1_49_85715_1_10,16_1_49_85715,108,85715,1,49,16,4728713010690,2004,2,2004,4728732010690,4728716010690,1,1,11,1,45.64135,-115.457951,135.6006,49,12,9999,0,NA,NA,NA,670,257.0678,47,49,1,NA,6.018046,NA,90006,0,NA,NA,NA,117
1208,16_1_49_86091_2_8,16_1_49_86091,108,86091,2,49,16,4728863010690,2004,2,2004,4728884010690,4728867010690,2,2,5.3,1,46.267428,-115.309726,95.1522,68,0,NA,NA,NA,NA,NA,595,149.6185,43,156,0.390231,NA,6.018046,NA,NA,NA,NA,NA,NA,105
1523,16_1_49_84082_4_2,16_1_49_84082,108,84082,4,49,16,4727926010690,2004,2,2004,4728013010690,4727929010690,1,1,7.1,1,45.750711,-115.626057,187.0521,54,0,NA,NA,NA,NA,NA,700,406.4443,25,295,1,NA,6.018046,NA,0,NA,NA,NA,NA,117
1568,16_1_49_86539_1_7,16_1_49_86539,108,86539,1,49,16,4729068010690,2004,2,2004,4729085010690,4729071010690,1,1,12,1,46.407163,-115.313196,100.2471,53,0,NA,NA,NA,NA,NA,700,170.5025,45,286,1,NA,6.018046,NA,90005,0,NA,NA,NA,105
1928,16_1_49_83330_2_4,16_1_49_83330,108,83330,2,49,16,5387851010690,2005,2,2005,5387882010690,5387854010690,1,1,11.1,1,45.559653,-115.914329,94.4251,46,0,NA,NA,NA,NA,NA,700,189.2496,40,210,1,NA,6.018046,NA,0,NA,NA,NA,NA,117
1999,16_1_49_84131_4_4,16_1_49_84131,122,84131,4,49,16,5388385010690,2005,2,2005,5388409010690,5388389010690,2,1,7.2,1,45.822583,-116.102815,58.2346,58,0,NA,NA,NA,NA,NA,450,120.8407,12,274,0.199021,NA,6.018046,NA,0,NA,NA,NA,NA,117
2063,16_1_49_84534_4_3,16_1_49_84534,108,84534,4,49,16,5388540010690,2005,2,2005,5388592010690,5388543010690,1,1,9.6,1,45.689314,-115.90649,232.1893,80,0,NA,NA,NA,NA,NA,595,386.3484,20,311,1,NA,6.018046,NA,0,NA,NA,NA,NA,117
2342,16_1_49_83600_2_5,16_1_49_83600,101,83600,2,49,16,5387968010690,2005,2,2005,5387988010690,5387971010690,1,2,10.2,1,45.98457,-115.069845,69.8762,43,0,NA,NA,NA,NA,NA,700,137.404,35,120,1,NA,6.018046,NA,NA,NA,NA,NA,NA,117
2513,16_1_49_80707_3_11,16_1_49_80707,108,80707,3,49,16,31703009010690,2005,2,2005,31703052010690,31703010010690,1,1,9.6,1,45.502964,-115.461594,142.8174,54,0,NA,NA,NA,NA,NA,595,248.6206,26,310,1,NA,6.018046,NA,50005,0,NA,NA,NA,117
2648,16_1_49_86385_1_11,16_1_49_86385,108,86385,1,49,16,5389552010690,2005,2,2005,5389574010690,5389555010690,1,1,5.6,1,45.663894,-115.757778,270.3964,65,0,NA,NA,NA,NA,NA,700,574.3962,5,227,1,NA,6.018046,NA,0,NA,NA,NA,NA,117
2693,16_1_49_86385_3_7,16_1_49_86385,108,86385,3,49,16,5389552010690,2005,2,2005,5389643010690,5389555010690,1,1,7.6,1,45.663894,-115.757778,270.3964,65,0,NA,NA,NA,NA,NA,700,574.3962,5,227,1,NA,6.018046,NA,0,NA,NA,NA,NA,117
2738,16_1_49_86440_1_16,16_1_49_86440,108,86440,1,49,16,5389762010690,2005,2,2005,5389786010690,5389765010690,1,1,10,1,46.488077,-114.785095,127.9065,64,0,NA,NA,NA,NA,NA,700,235.6433,30,38,1,NA,6.018046,NA,0,NA,NA,NA,NA,105
2828,16_1_49_87184_2_14,16_1_49_87184,108,87184,2,49,16,5390243010690,2005,2,2005,5390283010690,5390246010690,1,1,15.8,1,46.526848,-114.464779,150.6583,37,0,NA,NA,NA,NA,NA,735,268.4556,18,30,1,NA,6.018046,NA,90005,0,NA,NA,NA,105
3233,16_1_49_86385_1_18,16_1_49_86385,108,86385,1,49,16,5389552010690,2005,2,2005,5389581010690,5389555010690,1,1,6.3,1,45.663894,-115.757778,270.3964,65,0,NA,NA,NA,NA,NA,700,574.3962,5,227,1,NA,6.018046,NA,0,NA,NA,NA,NA,117
3332,16_1_49_88069_4_5,16_1_49_88069,101,88069,4,49,16,4729863010690,2004,2,2004,4729926010690,4729866010690,1,2,7.4,1,46.477787,-114.463731,102.0459,39,0,NA,NA,NA,NA,NA,735,202.4264,45,46,1,NA,6.018046,NA,NA,NA,NA,NA,NA,105
3458,16_1_49_80045_3_35,16_1_49_80045,108,80045,3,49,16,4726500010690,2004,2,2004,4726624010690,4726503010690,1,1,6.2,1,45.639982,-115.782832,259.3236,61,0,NA,NA,NA,NA,NA,700,611.1614,10,10,1,NA,6.018046,NA,0,NA,NA,NA,NA,117
3548,16_1_49_85437_4_11,16_1_49_85437,108,85437,4,49,16,4728539010690,2004,2,2004,4728602010690,4728542010690,1,2,7.6,1,45.77628,-115.774104,137.7095,30,0,NA,NA,NA,NA,NA,735,235.6761,20,272,1,NA,6.018046,NA,NA,NA,NA,NA,NA,117
3683,16_1_35_87551_1_17,16_1_35_87551,108,87551,1,35,16,4723476010690,2004,2,2004,4723494010690,4723479010690,1,1,10.6,1,46.755863,-114.972032,26.4159,65,0,NA,NA,NA,NA,NA,700,45.591,58,157,1,NA,6.018046,NA,11000,90005,90001,NA,NA,105
3818,16_1_49_85715_1_4,16_1_49_85715,108,85715,1,49,16,4728713010690,2004,2,2004,4728726010690,4728716010690,1,2,11,1,45.64135,-115.457951,135.6006,49,12,9999,0,NA,NA,NA,670,257.0678,47,49,1,NA,6.018046,2004,NA,NA,NA,10,NA,117
3885,16_1_57_86368_3_10,16_1_57_86368,119,86368,3,57,16,4731407010690,2004,2,2004,4731451010690,4731410010690,1,1,1.2,1,47.027427,-116.769707,71.4594,60,0,NA,NA,NA,NA,NA,645,167.3497,40,285,1,NA,74.965282,NA,NA,NA,NA,NA,NA,105
3908,16_1_49_88623_2_10,16_1_49_88623,108,88623,2,49,16,4730227010690,2004,2,2004,4730264010690,4730230010690,1,1,9.3,1,45.594876,-115.267644,127.8883,35,0,NA,NA,NA,NA,NA,670,252.4232,10,265,1,NA,6.018046,NA,11000,0,NA,NA,NA,117
3998,16_1_49_88640_2_18,16_1_49_88640,108,88640,2,49,16,4730382010690,2004,2,2004,4730419010690,4730385010690,1,2,8.4,1,45.957947,-115.45014,190.607,74,12,2002,0,NA,NA,NA,595,345.2383,54,327,1,NA,6.018046,NA,NA,NA,NA,NA,NA,117
4043,16_1_49_88623_2_15,16_1_49_88623,108,88623,2,49,16,4730227010690,2004,2,2004,4730268010690,4730230010690,1,2,8,1,45.594876,-115.267644,127.8883,35,0,NA,NA,NA,NA,NA,670,252.4232,10,265,1,NA,6.018046,2003,NA,NA,NA,10,NA,117
4547,16_1_35_84742_3_2,16_1_35_84742,101,84742,3,35,16,188772693020004,2016,3,2016,486613062489998,486613038489998,1,2,NA,1,46.620747,-114.78109,38.8638,34,0,NA,0,NA,0,NA,670,79.9534,20,65,1,NA,NA,NA,NA,NA,NA,NA,2,105
4718,16_1_49_80543_2_9,16_1_49_80543,108,80543,2,49,16,188772695020004,2016,3,2016,486613227489998,486613199489998,1,0,NA,1,46.487181,-114.724212,0,53,32,2015,0,NA,0,NA,650,0,50,265,1,7,NA,NA,NA,NA,NA,NA,1,105
4853,16_1_49_80964_3_16,16_1_49_80964,108,80964,3,49,16,188772101020004,2016,3,2016,486587351489998,486587276489998,1,1,6.3,1,45.811546,-115.075268,123.476,39,0,NA,0,NA,0,NA,700,257.9837,20,290,1,NA,6.018046,NA,0,NA,NA,NA,1,117
4988,16_1_49_82992_1_14,16_1_49_82992,108,82992,1,49,16,188772550020004,2016,3,2016,486606743489998,486606724489998,1,2,9.7,1,45.816482,-115.391894,171.2635,42,12,2011,0,NA,0,NA,735,314.8006,10,293,1,NA,6.018046,NA,NA,NA,NA,NA,2,117
5438,16_1_49_82138_3_40,16_1_49_82138,108,82138,3,49,16,188772132020004,2016,3,2016,486588865489998,486588780489998,1,2,2.9,1,45.776758,-115.709467,158.8728,42,0,NA,0,NA,0,NA,700,382.5922,25,220,1,4,74.965282,NA,NA,NA,NA,NA,NA,117
5483,16_1_49_87331_2_1,16_1_49_87331,108,87331,2,49,16,188772402020004,2016,3,2016,486598028489998,486597999489998,1,1,12.1,1,45.947537,-115.067533,73.2632,45,0,NA,0,NA,0,NA,700,155.8852,20,250,1,NA,6.018046,NA,0,NA,NA,NA,1,117
5554,16_1_49_80651_2_3,16_1_49_80651,122,80651,2,49,16,188772415020004,2016,3,2016,486599058489998,486599048489998,1,2,22,1,45.288041,-116.36376,0,44,0,NA,0,NA,0,NA,450,0,75,292,0.75,NA,6.018046,2015,NA,NA,NA,10,1,117
5618,16_1_49_84792_3_29,16_1_49_84792,108,84792,3,49,16,188772061020004,2016,3,2016,486585824489998,486585754489998,1,1,5.2,1,45.732365,-115.910168,194.7015,36,0,NA,0,NA,0,NA,735,349.0736,40,280,1,1,6.018046,NA,0,NA,NA,NA,NA,117
6113,16_1_57_87449_4_9,16_1_57_87449,108,87449,4,57,16,188772255020004,2016,3,2016,486592951489998,486592891489998,1,1,5.8,1,47.016086,-116.684258,73.0568,NA,22,9999,0,NA,0,NA,595,147.9838,49,64,1,NA,6.018046,NA,0,NA,NA,NA,1,105
6788,16_1_49_83924_1_5,16_1_49_83924,108,83924,1,49,16,188773435020004,2017,3,2017,531025300126144,531025283126144,1,2,10.5,1,45.692018,-115.851227,102.0672,54,12,9999,0,NA,0,NA,595,167.2806,30,213,1,NA,6.018046,2017,NA,NA,NA,10,1,117
7103,16_1_49_80718_2_13,16_1_49_80718,108,80718,2,49,16,188773523020004,2017,3,2017,531030541126144,531030504126144,1,2,NA,1,46.035571,-114.678427,90.1588,42,0,NA,0,NA,0,NA,735,177.7004,55,16,1,NA,NA,NA,NA,NA,NA,NA,2,117
7238,16_1_35_88794_1_13,16_1_35_88794,108,88794,1,35,16,188773023020004,2017,3,2017,531007274126144,531007256126144,1,2,6.6,1,46.663084,-114.716938,0,NA,30,2016,0,NA,0,NA,700,0,30,192,1,NA,6.018046,2016,NA,NA,NA,30,1,105
7283,16_1_35_88794_3_25,16_1_35_88794,108,88794,3,35,16,188773023020004,2017,3,2017,531007334126144,531007256126144,1,2,NA,1,46.663084,-114.716938,0,NA,30,2016,0,NA,0,NA,700,0,30,192,1,NA,NA,NA,NA,NA,NA,NA,2,105
7508,16_1_49_82409_4_3,16_1_49_82409,108,82409,4,49,16,188773582020004,2017,3,2017,531033516126144,531033470126144,1,2,NA,1,46.392983,-114.593577,15.9897,56,30,2009,0,NA,0,NA,700,27.6033,34,159,1,NA,NA,2009,NA,NA,NA,30,1,105
7688,16_1_49_87983_3_31,16_1_49_87983,108,87983,3,49,16,188773285020004,2017,3,2017,531016950126144,531016888126144,1,2,6.8,1,45.680008,-115.333496,44.6766,50,12,9999,0,NA,0,NA,700,92.6707,50,286,1,NA,6.018046,NA,NA,NA,NA,NA,2,117
7778,16_1_49_88993_4_5,16_1_49_88993,108,88993,4,49,16,188773443020004,2017,3,2017,531025970126144,531025923126144,1,2,NA,1,45.831567,-115.353285,70.5206,70,12,9999,0,NA,0,NA,700,122.3859,44,136,1,NA,NA,NA,NA,NA,NA,NA,2,117
8048,16_1_35_88145_3_5,16_1_35_88145,108,88145,3,35,16,188774270020004,2018,3,2018,672246733126144,672246712126144,1,2,NA,1,46.75086,-114.83375,45.3113,60,12,9999,0,NA,0,NA,700,78.7387,23,170,1,NA,NA,2010,NA,NA,NA,10,1,105
8119,16_1_35_87445_2_3,16_1_35_87445,122,87445,2,35,16,188774326020004,2018,3,2018,672249693126144,672249664126144,2,1,8.2,1,46.712601,-116.2411,156.7889,56,0,NA,0,NA,0,NA,595,326.6432,17,289,0.5,NA,6.018046,NA,0,NA,NA,NA,1,105
8192,16_1_49_80015_4_9,16_1_49_80015,101,80015,4,49,16,188774025020004,2018,3,2018,672235330126144,672235265126144,1,2,NA,1,45.599731,-115.98244,112.6147,50,31,2017,0,NA,0,NA,735,194.1269,40,345,1,NA,NA,NA,NA,NA,NA,NA,2,117
8344,16_1_49_81155_3_8,16_1_49_81155,122,81155,3,49,16,188774333020004,2018,3,2018,672250061126144,672250038126144,1,2,10.5,1,45.777023,-115.970355,113.7104,89,0,NA,0,NA,0,NA,450,177.1313,45,180,1,NA,6.018046,2011,NA,NA,NA,10,1,117
8498,16_1_49_82399_4_24,16_1_49_82399,108,82399,4,49,16,188774354020004,2018,3,2018,672251245126144,672251156126144,1,2,NA,1,45.59077,-115.468951,0,NA,30,2012,0,NA,0,NA,700,0,23,128,1,NA,NA,2012,NA,NA,NA,30,1,117
8723,16_1_49_86839_2_12,16_1_49_86839,108,86839,2,49,16,188773906020004,2018,3,2018,672265042126144,672265019126144,1,1,5.1,1,46.125335,-114.666522,26.3403,27,0,NA,0,NA,0,NA,595,55.4844,68,261,1,1,6.018046,NA,0,NA,NA,NA,NA,117
8858,16_1_49_84802_1_8,16_1_49_84802,108,84802,1,49,16,188774206020004,2018,3,2018,672242933126144,672242914126144,1,2,5,1,45.774079,-115.132176,93.3546,60,22,9999,0,NA,0,NA,700,178.4616,15,102,1,NA,6.018046,NA,NA,NA,NA,NA,2,117
8948,16_1_49_82117_3_19,16_1_49_82117,108,82117,3,49,16,188774037020004,2018,3,2018,672235568126144,672235506126144,1,2,7.7,1,45.989003,-114.679762,64.3012,41,0,NA,0,NA,0,NA,700,142.8996,0,0,1,NA,6.018046,2011,NA,NA,NA,20,1,117
8993,16_1_49_83500_1_2,16_1_49_83500,108,83500,1,49,16,188774350020004,2018,3,2018,672250732126144,672250722126144,1,2,15.5,1,46.407584,-115.50302,138.224,68,0,NA,0,NA,0,NA,735,207.6262,40,40,1,NA,6.018046,NA,NA,NA,NA,NA,2,105
9083,16_1_49_85429_4_22,16_1_49_85429,108,85429,4,49,16,188774194020004,2018,3,2018,672242191126144,672242109126144,1,2,NA,1,45.958437000000004,-115.641091,146.4513,54,22,9999,0,NA,0,NA,735,266.3451,60,80,1,NA,NA,NA,NA,NA,NA,NA,2,117
9398,16_1_49_87903_2_3,16_1_49_87903,108,87903,2,49,16,188773960020004,2018,3,2018,672267323126144,672267291126144,1,1,8.5,1,45.58022,-115.827821,145.1734,44,0,NA,0,NA,0,NA,700,301.0578,25,240,1,NA,6.018046,NA,0,NA,NA,NA,1,117
9578,16_1_35_85342_1_3,16_1_35_85342,108,85342,1,35,16,354845152489998,2019,3,2019,753197445290487,753197432290487,1,2,12,1,46.666799,-114.973721,60.5302,76,12,2015,0,NA,0,NA,595,81.6962,38,86,1,NA,6.018046,2015,NA,NA,NA,10,1,105
9713,16_1_35_88829_3_13,16_1_35_88829,108,88829,3,35,16,354845376489998,2019,3,2019,753173173290487,753173139290487,1,1,6.4,1,46.712416,-114.844794,53.5132,44,0,NA,0,NA,0,NA,700,116.0847,44,333,1,1,6.018046,NA,0,NA,NA,NA,NA,105
9803,16_1_49_81498_2_1,16_1_49_81498,108,81498,2,49,16,354844905489998,2019,3,2019,753186267290487,753186238290487,2,1,9,1,46.009835,-114.958513,229.2591,65,0,NA,0,NA,0,NA,700,529.4846,25,288,0.25,NA,6.018046,NA,0,NA,NA,NA,NA,117
9983,16_1_49_82055_4_5,16_1_49_82055,108,82055,4,49,16,354845223489998,2019,3,2019,753201414290487,753201344290487,1,1,10.3,1,45.695221,-116.094698,151.783,57,22,9999,12,2014,0,NA,670,285.752,20,320,1,NA,6.018046,NA,0,NA,NA,NA,1,117
10144,16_1_49_82520_3_13,16_1_49_82520,122,82520,3,49,16,354845024489998,2019,3,2019,753190525290487,753190509290487,2,2,2.5,1,45.544945,-115.072263,0,NA,30,2018,0,NA,0,NA,450,0,55,250,0.25,4,74.965282,NA,NA,NA,NA,NA,NA,117
10549,16_1_49_80203_2_11,16_1_49_80203,122,80203,2,49,16,188772407020004,2016,3,2016,486598483489998,486598460489998,1,2,8.7,1,45.589923,-115.205435,171.3507,74,0,NA,0,NA,0,NA,595,261.5563,65,160,1,NA,6.018046,2009,NA,NA,NA,30,1,117
10594,16_1_9_88492_2_1,16_1_9_88492,122,88492,2,9,16,354845111489998,2019,3,2019,753194898290487,753194875290487,1,1,15.5,1,47.085735,-116.735152,155.0639,74,0,NA,0,NA,0,NA,595,251.1625,20,231,1,NA,6.018046,NA,0,NA,NA,NA,1,105
10658,16_1_49_83886_4_3,16_1_49_83886,108,83886,4,49,16,354845089489998,2019,3,2019,753193590290487,753193525290487,1,1,6.6,1,45.688446,-115.258411,67.0075,44,22,9999,0,NA,0,NA,700,139.3448,17,154,1,NA,6.018046,NA,0,NA,NA,NA,1,117
10684,16_1_49_84011_2_8,16_1_49_84011,122,84011,2,49,16,354845022489998,2019,3,2019,753190395290487,753190370290487,1,1,14.5,1,45.854765,-114.941027,89.452,48,0,NA,0,NA,0,NA,450,151.9107,30,225,1,NA,6.018046,NA,0,NA,NA,NA,1,117
11018,16_1_49_87144_3_10,16_1_49_87144,108,87144,3,49,16,354841300489998,2019,3,2019,753180150290487,753180098290487,1,2,12.5,1,45.642236,-115.978386,75.2643,39,12,9999,0,NA,0,NA,670,145.1486,25,150,1,NA,6.018046,2016,NA,NA,NA,10,1,117
11198,16_1_49_88795_2_21,16_1_49_88795,108,88795,2,49,16,354845237489998,2019,3,2019,753202458290487,753202338290487,1,2,NA,1,45.729612,-115.469588,157.3735,44,0,NA,0,NA,0,NA,700,327.5388,25,325,1,NA,NA,NA,NA,NA,NA,NA,2,117
11243,16_1_49_88795_4_22,16_1_49_88795,108,88795,4,49,16,354845237489998,2019,3,2019,753202523290487,753202338290487,1,1,5.8,1,45.729612,-115.469588,157.3735,44,0,NA,0,NA,0,NA,700,327.5388,25,325,1,NA,6.018046,NA,0,NA,NA,NA,1,117
11423,16_1_49_87181_4_4,16_1_49_87181,108,87181,4,49,16,354845380489998,2019,3,2019,753173549290487,753173491290487,1,2,10.1,1,46.353282,-114.652764,112.0147,45,0,NA,0,NA,0,NA,735,227.632,30,30,1,NA,6.018046,2011,NA,NA,NA,10,1,105
11468,16_1_49_83886_1_2,16_1_49_83886,108,83886,1,49,16,354845089489998,2019,3,2019,753193543290487,753193525290487,1,2,NA,1,45.688446,-115.258411,67.0075,44,22,9999,0,NA,0,NA,700,139.3448,17,154,1,NA,NA,2011,NA,NA,NA,20,1,117
12034,16_1_35_80259_4_13,16_1_35_80259,122,80259,4,35,16,188772337020004,2016,3,2016,486594944489998,486594908489998,1,1,3.5,1,46.763788,-115.424369,260.1516,85,0,NA,0,NA,0,NA,450,342.5937,61,158,1,NA,74.965282,NA,NA,NA,NA,NA,1,105
12368,16_1_49_82138_2_11,16_1_49_82138,108,82138,2,49,16,188772132020004,2016,3,2016,486588821489998,486588780489998,1,1,6.7,1,45.776758,-115.709467,158.8728,42,0,NA,0,NA,0,NA,700,382.5922,25,220,1,NA,6.018046,NA,0,NA,NA,NA,1,117
12593,16_1_35_80675_2_5,16_1_35_80675,108,80675,2,35,16,188773369020004,2017,3,2017,531022663126144,531022635126144,1,2,NA,1,46.539617,-115.243692,39.3001,71,12,9999,0,NA,0,NA,700,62.3117,38,185,1,NA,NA,NA,NA,NA,NA,NA,2,105
12683,16_1_49_81480_2_20,16_1_49_81480,108,81480,2,49,16,188773284020004,2017,3,2017,531016809126144,531016780126144,1,1,1.1,1,45.728552,-115.202946,6.4233,NA,0,NA,0,NA,0,NA,700,23.7421,12,110,1,1,74.965282,NA,NA,NA,NA,NA,NA,117
12728,16_1_49_80718_2_16,16_1_49_80718,108,80718,2,49,16,188773523020004,2017,3,2017,531030544126144,531030504126144,1,2,8.1,1,46.035571,-114.678427,90.1588,42,0,NA,0,NA,0,NA,735,177.7004,55,16,1,NA,6.018046,2011,NA,NA,NA,70,1,117
12908,16_1_49_87983_1_18,16_1_49_87983,108,87983,1,49,16,188773285020004,2017,3,2017,531016915126144,531016888126144,1,1,10.2,1,45.680008,-115.333496,44.6766,50,12,9999,0,NA,0,NA,700,92.6707,50,286,1,NA,6.018046,NA,90002,0,NA,NA,1,117
13088,16_1_35_88145_4_21,16_1_35_88145,108,88145,4,35,16,188774270020004,2018,3,2018,672246761126144,672246712126144,1,2,5.9,1,46.75086,-114.83375,45.3113,60,12,9999,0,NA,0,NA,700,78.7387,23,170,1,NA,6.018046,NA,NA,NA,NA,NA,2,105
13178,16_1_49_82117_4_12,16_1_49_82117,108,82117,4,49,16,188774037020004,2018,3,2018,672235581126144,672235506126144,1,2,NA,1,45.989003,-114.679762,64.3012,41,0,NA,0,NA,0,NA,700,142.8996,0,0,1,NA,NA,NA,NA,NA,NA,NA,2,117
13223,16_1_49_83248_4_1,16_1_49_83248,108,83248,4,49,16,188773939020004,2018,3,2018,672266463126144,672266419126144,1,2,NA,1,45.641093,-115.331474,104.7248,56,22,9999,0,NA,0,NA,670,183.3121,14,258,0.909177,NA,NA,2010,NA,NA,NA,20,1,117
13358,16_1_49_87903_2_12,16_1_49_87903,108,87903,2,49,16,188773960020004,2018,3,2018,672267332126144,672267291126144,1,1,12,1,45.58022,-115.827821,145.1734,44,0,NA,0,NA,0,NA,700,301.0578,25,240,1,NA,6.018046,NA,0,NA,NA,NA,1,117
13628,16_1_49_85515_4_6,16_1_49_85515,108,85515,4,49,16,354841295489998,2019,3,2019,753179907290487,753179879290487,1,1,14.9,1,45.551469,-115.463519,42.7526,41,0,NA,0,NA,0,NA,700,94.8048,30,133,1,NA,6.018046,NA,0,NA,NA,NA,1,117
13853,16_1_57_86285_3_1,16_1_57_86285,108,86285,3,57,16,354841289489998,2019,3,2019,753179771290487,753179740290487,1,1,6.1,1,46.9623,-116.752086,71.2474,35,0,NA,0,NA,0,NA,450,144.5845,33,160,0.945787,NA,6.018046,NA,0,NA,NA,NA,1,105
14393,16_1_49_82138_3_18,16_1_49_82138,108,82138,3,49,16,11802572010690,2006,2,2006,11802639010690,11802575010690,1,1,5.9,1,45.776758,-115.709467,181.6317,39,0,NA,NA,NA,NA,NA,700,461.407,25,220,1,NA,6.018046,NA,0,NA,NA,NA,NA,117
14528,16_1_49_80964_2_3,16_1_49_80964,108,80964,2,49,16,11802125010690,2006,2,2006,11802162010690,11802128010690,1,1,5.8,1,45.811546,-115.075268,158.279,55,0,NA,NA,NA,NA,NA,700,341.6347,20,300,1,NA,6.018046,NA,0,NA,NA,NA,NA,117
14573,16_1_49_80964_4_23,16_1_49_80964,108,80964,4,49,16,11802125010690,2006,2,2006,11802229010690,11802128010690,1,2,7.3,1,45.811546,-115.075268,158.279,55,0,NA,NA,NA,NA,NA,700,341.6347,20,300,1,NA,6.018046,NA,NA,NA,NA,NA,NA,117
14644,16_1_49_80929_4_5,16_1_49_80929,122,80929,4,49,16,11802073010690,2006,2,2006,11802119010690,11802076010690,1,1,10.7,1,45.78258,-116.096961,85.0822,NA,0,NA,NA,NA,NA,NA,595,184.1698,35,245,1,NA,6.018046,NA,0,NA,NA,NA,NA,117
14663,16_1_49_82138_4_16,16_1_49_82138,108,82138,4,49,16,11802572010690,2006,2,2006,11802663010690,11802575010690,1,1,6.4,1,45.776758,-115.709467,181.6317,39,0,NA,NA,NA,NA,NA,700,461.407,25,220,1,NA,6.018046,NA,0,NA,NA,NA,NA,117
14753,16_1_49_82992_3_7,16_1_49_82992,108,82992,3,49,16,11803033010690,2006,2,2006,11803080010690,11803036010690,1,1,9.9,1,45.816482,-115.391894,175.2538,47,0,NA,NA,NA,NA,NA,735,337.8543,10,293,1,NA,6.018046,NA,0,NA,NA,NA,NA,117
14888,16_1_49_86590_1_2,16_1_49_86590,108,86590,1,49,16,11804107010690,2006,2,2006,11804119010690,11804110010690,1,1,14.2,1,46.435109,-114.588348,108.8638,34,0,NA,NA,NA,NA,NA,670,203.9377,10,60,1,NA,6.018046,NA,0,NA,NA,NA,NA,105
15302,16_1_49_88115_4_1,16_1_49_88115,101,88115,4,49,16,11804947010690,2006,2,2006,11804980010690,11804950010690,1,2,14,1,46.123153,-114.536203,75.3376,25,0,NA,NA,NA,NA,NA,735,129.539,80,230,1,NA,6.018046,NA,NA,NA,NA,NA,NA,117
15518,16_1_35_80675_3_11,16_1_35_80675,108,80675,3,35,16,12274889010690,2007,2,2007,12274936010690,12274892010690,1,2,10,1,46.539617,-115.243692,96.5143,63,0,NA,NA,NA,NA,NA,700,155.4466,45,170,1,NA,6.018046,NA,NA,NA,NA,NA,NA,105
15563,16_1_35_85001_3_3,16_1_35_85001,108,85001,3,35,16,12275259010690,2007,2,2007,12275285010690,12275262010690,1,1,7.7,1,46.673461,-115.037662,87.7821,63,0,NA,NA,NA,NA,NA,700,142.8291,38,272,0.924715,NA,6.018046,NA,0,NA,NA,NA,NA,105
15608,16_1_35_88794_1_11,16_1_35_88794,108,88794,1,35,16,12275606010690,2007,2,2007,12275628010690,12275609010690,1,1,9.6,1,46.663084,-114.716938,193.838,35,0,NA,NA,NA,NA,NA,700,418.0097,30,192,1,NA,6.018046,NA,0,NA,NA,NA,NA,105
15653,16_1_35_88794_4_1,16_1_35_88794,108,88794,4,35,16,12275606010690,2007,2,2007,12275695010690,12275609010690,1,1,5.3,1,46.663084,-114.716938,193.838,35,0,NA,NA,NA,NA,NA,700,418.0097,30,192,1,NA,6.018046,NA,0,NA,NA,NA,NA,105
15743,16_1_49_80718_4_9,16_1_49_80718,108,80718,4,49,16,12278825010690,2007,2,2007,12278891010690,12278828010690,1,2,6.8,1,46.035571,-114.678427,114.2621,39,0,NA,NA,NA,NA,NA,700,220.9692,55,16,1,NA,6.018046,NA,NA,NA,NA,NA,NA,117
15833,16_1_49_81480_4_99,16_1_49_81480,108,81480,4,49,16,12279047010690,2007,2,2007,12279107010690,12279050010690,1,2,5.7,1,45.728552,-115.202946,0,43,30,2006,0,NA,NA,NA,700,0,10,108,1,NA,6.018046,2006,NA,NA,NA,30,NA,117
16103,16_1_49_87983_1_9,16_1_49_87983,108,87983,1,49,16,12281318010690,2007,2,2007,12281335010690,12281321010690,1,2,9.1,1,45.680008,-115.333496,58.8282,52,0,NA,NA,NA,NA,NA,700,119.013,50,280,1,NA,6.018046,NA,NA,NA,NA,NA,NA,117
16148,16_1_49_87983_4_31,16_1_49_87983,108,87983,4,49,16,12281318010690,2007,2,2007,12281402010690,12281321010690,1,2,7.1,1,45.680008,-115.333496,58.8282,52,0,NA,NA,NA,NA,NA,700,119.013,50,280,1,NA,6.018046,2002,NA,NA,NA,10,NA,117
16553,16_1_49_82409_4_15,16_1_49_82409,108,82409,4,49,16,12279305010690,2007,2,2007,12279359010690,12279308010690,1,1,8,1,46.392983,-114.593577,85.4136,56,0,NA,NA,NA,NA,NA,700,161.0711,34,159,1,NA,6.018046,NA,0,NA,NA,NA,NA,105
16643,16_1_49_87059_2_19,16_1_49_87059,108,87059,2,49,16,12281110010690,2007,2,2007,12281156010690,12281113010690,1,1,7.4,1,45.672783,-115.68502,183.1592,38,0,NA,NA,NA,NA,NA,700,359.0419,45,236,1,NA,6.018046,NA,0,NA,NA,NA,NA,117
16868,16_1_49_87983_1_11,16_1_49_87983,108,87983,1,49,16,12281318010690,2007,2,2007,12281337010690,12281321010690,1,2,6.3,1,45.680008,-115.333496,58.8282,52,0,NA,NA,NA,NA,NA,700,119.013,50,280,1,NA,6.018046,2002,NA,NA,NA,70,NA,117
17003,16_1_35_84952_4_1,16_1_35_84952,108,84952,4,35,16,31359153010690,2008,2,2008,31359175010690,31359156010690,1,1,12.1,1,46.620217,-115.029146,62.2864,45,0,NA,NA,NA,NA,NA,735,115.1909,42,338,1,NA,6.018046,NA,90002,0,NA,NA,NA,105
17228,16_1_49_85713_1_13,16_1_49_85713,108,85713,1,49,16,12280467010690,2007,2,2007,12280490010690,12280470010690,1,2,1.3,1,45.551466,-115.528006,85.7582,50,0,NA,NA,NA,NA,NA,670,161.3016,65,57,1,NA,NA,2005,NA,NA,NA,70,NA,117
17273,16_1_35_84350_1_9,16_1_35_84350,108,84350,1,35,16,31359001010690,2008,2,2008,31359020010690,31359004010690,1,1,7.5,1,46.452349,-115.696316,56.1574,69,0,NA,NA,NA,NA,NA,595,130.6375,30,120,0.760771,NA,6.018046,NA,0,NA,NA,NA,NA,105
17408,16_1_49_80539_4_8,16_1_49_80539,108,80539,4,49,16,31363073010690,2008,2,2008,31363115010690,31363076010690,1,1,5.9,1,46.618551,-114.65272,54.853,24,0,NA,NA,NA,NA,NA,735,137.9667,28,250,1,NA,6.018046,NA,0,NA,NA,NA,NA,105
17479,16_1_49_81155_3_3,16_1_49_81155,122,81155,3,49,16,31363392010690,2008,2,2008,31363411010690,31363395010690,1,1,18.3,1,45.777023,-115.970355,102.0018,86,0,NA,NA,NA,NA,NA,450,156.9017,45,180,1,NA,6.018046,NA,90005,0,NA,NA,NA,117
17543,16_1_49_82203_2_13,16_1_49_82203,108,82203,2,49,16,31363690010690,2008,2,2008,31363723010690,31363693010690,1,2,10.5,1,45.816389,-115.000219,150.5805,51,0,NA,NA,NA,NA,NA,670,283.0726,42,320,1,NA,6.018046,NA,NA,NA,NA,NA,NA,117
17858,16_1_49_84802_1_12,16_1_49_84802,108,84802,1,49,16,31364828010690,2008,2,2008,31364850010690,31364831010690,1,2,8.6,1,45.774079,-115.132176,124.3613,62,0,NA,NA,NA,NA,NA,700,240.9167,20,115,1,NA,6.018046,2003,NA,NA,NA,10,NA,117
17948,16_1_49_85429_1_18,16_1_49_85429,108,85429,1,49,16,31365239010690,2008,2,2008,31365265010690,31365242010690,1,1,15.1,1,45.958437000000004,-115.641091,158.8985,59,0,NA,NA,NA,NA,NA,735,312.2135,60,70,1,NA,6.018046,NA,0,NA,NA,NA,NA,117
18038,16_1_35_88145_1_3,16_1_35_88145,108,88145,1,35,16,31359550010690,2008,2,2008,31359564010690,31359553010690,1,1,15.4,1,46.75086,-114.83375,124.9699,60,12,9999,0,NA,NA,NA,700,207.0719,23,170,1,NA,6.018046,NA,11030,0,NA,NA,NA,105
18218,16_1_49_84802_4_16,16_1_49_84802,108,84802,4,49,16,31364828010690,2008,2,2008,31364899010690,31364831010690,1,1,10.2,1,45.774079,-115.132176,124.3613,62,0,NA,NA,NA,NA,NA,700,240.9167,20,115,1,NA,6.018046,NA,0,NA,NA,NA,NA,117
18443,16_1_49_87903_3_3,16_1_49_87903,108,87903,3,49,16,31366129010690,2008,2,2008,31366175010690,31366132010690,1,1,6.3,1,45.58022,-115.827821,134.0322,40,0,NA,NA,NA,NA,NA,700,281.7884,20,240,1,NA,6.018046,NA,0,NA,NA,NA,NA,117
18803,16_1_35_87217_3_13,16_1_35_87217,108,87217,3,35,16,35371509010690,2009,2,2010,42490773010690,42490724010690,1,2,9.3,1,46.675276,-115.49951,90.8389,67,0,NA,0,NA,0,NA,700,156.3447,15,209,1,NA,6.018046,NA,NA,NA,NA,NA,NA,105
18848,16_1_35_88829_3_8,16_1_35_88829,108,88829,3,35,16,35371506010690,2009,2,2009,39513963010690,39513942010690,1,1,5.5,1,46.712416,-114.844794,57.1832,40,10,2007,0,NA,NA,NA,735,123.1499,44,333,0.75,NA,6.018046,NA,0,NA,NA,NA,NA,105
18983,16_1_49_82055_3_17,16_1_49_82055,108,82055,3,49,16,35371888010690,2009,2,2009,39517861010690,39517801010690,1,1,10.1,1,45.695221,-116.094698,177.4148,55,0,NA,NA,NA,NA,NA,670,334.6209,20,320,1,NA,6.018046,NA,0,NA,NA,NA,NA,117
19163,16_1_49_83886_4_20,16_1_49_83886,108,83886,4,49,16,35371890010690,2009,2,2009,39518684010690,39518611010690,1,1,7.2,1,45.688446,-115.258411,89.5301,45,0,NA,NA,NA,NA,NA,700,188.749,15,170,1,NA,6.018046,NA,0,NA,NA,NA,NA,117
19298,16_1_49_85515_4_3,16_1_49_85515,108,85515,4,49,16,35371907010690,2009,2,2009,39519540010690,39519520010690,1,1,7.4,1,45.551469,-115.463519,35.7603,44,10,2004,0,NA,NA,NA,700,71.6624,30,130,1,NA,6.018046,NA,0,NA,NA,NA,NA,117
19343,16_1_49_85742_3_4,16_1_49_85742,108,85742,3,49,16,35371949010690,2009,2,2010,42491437010690,42491376010690,1,2,7.9,1,46.372413,-115.159549,220.8315,63,0,NA,0,NA,0,NA,700,439.8026,16,301,1,NA,6.018046,NA,NA,NA,NA,NA,NA,105
19523,16_1_49_87144_3_6,16_1_49_87144,108,87144,3,49,16,35371895010690,2009,2,2009,39520217010690,39520175010690,1,1,10,1,45.642236,-115.978386,169.7929,55,46,2009,0,NA,NA,NA,700,289.7786,25,150,1,NA,6.018046,NA,22000,90005,0,NA,NA,117
19883,16_1_49_82055_4_12,16_1_49_82055,108,82055,4,49,16,35371888010690,2009,2,2009,39517880010690,39517801010690,1,1,11.8,1,45.695221,-116.094698,177.4148,55,0,NA,NA,NA,NA,NA,670,334.6209,20,320,1,NA,6.018046,NA,0,NA,NA,NA,NA,117
19973,16_1_49_87144_2_8,16_1_49_87144,108,87144,2,49,16,35371895010690,2009,2,2009,39520204010690,39520175010690,1,1,8.6,1,45.642236,-115.978386,169.7929,55,46,2009,0,NA,NA,NA,700,289.7786,25,150,1,NA,6.018046,NA,0,NA,NA,NA,NA,117
20108,16_1_49_88795_1_20,16_1_49_88795,108,88795,1,49,16,35371883010690,2009,2,2009,39520678010690,39520651010690,1,2,5,1,45.729612,-115.469588,165.7502,45,0,NA,NA,NA,NA,NA,700,355.6593,25,325,1,NA,6.018046,NA,NA,NA,NA,NA,NA,117
20153,16_1_49_88795_3_19,16_1_49_88795,108,88795,3,49,16,35371883010690,2009,2,2009,39520741010690,39520651010690,1,1,6.3,1,45.729612,-115.469588,165.7502,45,0,NA,NA,NA,NA,NA,700,355.6593,25,325,1,NA,6.018046,NA,0,NA,NA,NA,NA,117
20243,16_1_57_83601_3_9,16_1_57_83601,108,83601,3,57,16,35372052010690,2009,2,2009,39521956010690,39521907010690,1,1,10.6,1,46.772695,-116.415502,151.0506,63,0,NA,NA,NA,NA,NA,700,288.3484,33,250,1,NA,6.018046,NA,0,NA,NA,NA,NA,105
20378,16_1_57_87036_3_4,16_1_57_87036,108,87036,3,57,16,11806294010690,2006,2,2006,11806336010690,11806297010690,1,2,12,1,46.909518,-116.47619,141.7553,55,0,NA,NA,NA,NA,NA,735,288.0745,15,275,1,NA,6.018046,2004,NA,NA,NA,10,NA,105
20468,16_1_49_82399_4_10,16_1_49_82399,108,82399,4,49,16,31363918010690,2008,2,2008,31364006010690,31363921010690,1,1,9.5,1,45.59077,-115.468951,116.7141,44,0,NA,NA,NA,NA,NA,670,238.5906,35,120,1,NA,6.018046,NA,0,NA,NA,NA,NA,117
20513,16_1_49_88476_4_11,16_1_49_88476,108,88476,4,49,16,31366619010690,2008,2,2008,31366656010690,31366622010690,1,1,8.9,1,46.259601,-114.860333,98.1926,43,0,NA,NA,NA,NA,NA,700,179.43,20,95,1,NA,6.018046,NA,0,NA,NA,NA,NA,117
20783,16_1_35_85349_3_4,16_1_35_85349,108,85349,3,35,16,37275712010690,2010,2,2010,42506036010690,42506010010690,1,1,6.9,1,46.626577,-114.976197,85.9049,52,0,NA,0,NA,0,NA,700,152.407,15,270,1,NA,6.018046,NA,60001,0,NA,NA,NA,105
20918,16_1_49_80990_2_5,16_1_49_80990,108,80990,2,49,16,37275887010690,2010,2,2011,42514529010690,42514498010690,1,1,10.3,1,45.990882,-114.932127,17.7205,29,0,NA,0,NA,0,NA,595,32.1447,43,250,1,NA,6.018046,NA,23023,0,NA,NA,NA,117
21278,16_1_49_85020_4_16,16_1_49_85020,108,85020,4,49,16,37275914010690,2010,2,2010,42516991010690,42516938010690,1,2,10.5,1,45.609197,-115.92187,114.003,35,0,NA,0,NA,0,NA,700,230.7901,20,290,1,NA,6.018046,NA,NA,NA,NA,NA,NA,117
21368,16_1_35_85648_2_20,16_1_35_85648,108,85648,2,35,16,37275707010690,2010,2,2010,42505340010690,42505302010690,1,1,6.8,1,46.753665,-114.777001,88.2673,46,12,2007,0,NA,0,NA,700,177.9231,22,131,1,NA,6.018046,NA,0,NA,NA,NA,NA,105
21413,16_1_49_84025_1_22,16_1_49_84025,108,84025,1,49,16,37275911010690,2010,2,2010,42516599010690,42516571010690,1,2,8.2,1,45.633193,-115.271738,62.303,44,10,2007,0,NA,0,NA,735,138.3721,20,210,1,NA,6.018046,2007,NA,NA,NA,10,NA,117
21889,16_1_49_87034_3_5,16_1_49_87034,122,87034,3,49,16,37275918010690,2010,2,2010,42517495010690,42517466010690,1,2,12.2,1,45.561759,-116.417367,63.5629,73,31,2007,0,NA,0,NA,450,113.4569,15,112,1,NA,6.018046,2007,NA,NA,NA,30,NA,117
22024,16_1_49_88441_1_1,16_1_49_88441,122,88441,1,49,16,37275919010690,2010,2,2010,42517554010690,42517543010690,1,1,5.3,1,45.56155,-116.104759,95.434,67,0,NA,0,NA,0,NA,650,191.4218,15,97,1,NA,6.018046,NA,90002,0,NA,NA,NA,117
22088,16_1_49_88751_3_1,16_1_49_88751,108,88751,3,49,16,37275943010690,2010,2,2010,42519748010690,42519731010690,1,1,5.2,1,45.932885,-115.086624,26.0998,28,12,2008,0,NA,0,NA,700,67.0427,52,142,1,NA,6.018046,NA,26000,0,NA,NA,NA,117
22110,16_1_57_80447_1_5,16_1_57_80447,119,80447,1,57,16,37275986010690,2010,2,2010,42521613010690,42521601010690,1,1,5.2,1,46.911055,-116.350259,102.9308,71,0,NA,0,NA,0,NA,595,264.5943,45,286,0.868936,NA,6.018046,NA,0,NA,NA,NA,NA,105
22313,16_1_49_88185_2_12,16_1_49_88185,108,88185,2,49,16,37275905010690,2010,2,2010,42515995010690,42515968010690,1,1,9,1,45.771686,-115.082897,20.1099,51,10,2009,0,NA,0,NA,700,39.5684,30,170,1,NA,6.018046,NA,0,NA,NA,NA,NA,117
22763,16_1_49_80525_4_3,16_1_49_80525,108,80525,4,49,16,40390563010690,2011,2,2011,51047348020004,51047299020004,1,2,6.4,1,45.84402,-115.226549,89.0789,58,10,2009,0,NA,0,NA,700,162.2895,38,264,1,NA,6.018046,2009,NA,NA,NA,20,NA,117
22853,16_1_49_81630_1_4,16_1_49_81630,108,81630,1,49,16,40390569010690,2011,2,2011,51047541020004,51047523020004,1,1,10.1,1,45.532261,-116.05988,117.2971,49,10,2010,10,2009,10,2008,670,233.7227,45,248,1,NA,6.018046,NA,90011,0,NA,NA,NA,117
22943,16_1_35_84321_1_3,16_1_35_84321,108,84321,1,35,16,40389898010690,2011,2,2011,51036371020004,51036356020004,1,2,10.8,1,46.666498,-114.914673,64.9113,53,12,2007,0,NA,0,NA,700,110.2644,28,300,1,NA,6.018046,2007,NA,NA,NA,10,NA,105
22988,16_1_49_80525_2_12,16_1_49_80525,108,80525,2,49,16,40390563010690,2011,2,2011,51047330020004,51047299020004,1,1,9.4,1,45.84402,-115.226549,89.0789,58,10,2009,0,NA,0,NA,700,162.2895,38,264,1,NA,6.018046,NA,0,NA,NA,NA,NA,117
23483,16_1_49_85264_4_2,16_1_49_85264,108,85264,4,49,16,40390491010690,2011,2,2011,51045564020004,51045513020004,2,1,11.4,1,45.516813,-116.098896,141.7616,49,0,NA,0,NA,0,NA,700,314.905,48,2,0.5,NA,6.018046,NA,0,NA,NA,NA,NA,117
23618,16_1_49_88571_4_33,16_1_49_88571,108,88571,4,49,16,40390459010690,2011,2,2011,51044529020004,51044431020004,1,1,6.3,1,45.689049,-115.51979,95.2956,44,12,2009,0,NA,0,NA,700,186.5156,36,282,1,NA,6.018046,NA,90011,0,NA,NA,NA,117
23663,16_1_49_83267_2_22,16_1_49_83267,108,83267,2,49,16,40390421010690,2011,2,2011,51043469020004,51043431020004,1,2,6.2,1,45.870518,-115.40028,161.3298,63,0,NA,0,NA,0,NA,700,311.0242,15,188,1,NA,6.018046,NA,NA,NA,NA,NA,NA,117
23888,16_1_49_82117_4_25,16_1_49_82117,108,82117,4,49,16,31363557010690,2008,2,2009,39503075010690,31363559010690,1,1,3.4,1,45.989003,-114.679762,118.2586,45,0,NA,NA,NA,NA,NA,700,258.36,0,0,1,NA,74.965282,NA,NA,NA,NA,NA,NA,117
23910,16_1_57_80443_1_29,16_1_57_80443,119,80443,1,57,16,31367769010690,2008,2,2008,31367808010690,31367772010690,1,2,10,1,46.904909,-116.409576,195.7688,61,0,NA,NA,NA,NA,NA,735,378.2006,24,304,1,NA,6.018046,2003,NA,NA,NA,20,NA,105
24023,16_1_35_83902_3_5,16_1_35_83902,108,83902,3,35,16,37275711010690,2010,2,2011,50633729020004,50633687020004,1,1,10.7,1,46.6285,-115.302272,121.79,56,0,NA,0,NA,0,NA,700,229.055,40,215,1,NA,6.018046,NA,0,NA,NA,NA,NA,105
24608,16_1_49_80718_1_9,16_1_49_80718,108,80718,1,49,16,12278825010690,2007,2,2007,12278844010690,12278828010690,1,2,7.8,1,46.035571,-114.678427,114.2621,39,0,NA,NA,NA,NA,NA,700,220.9692,55,16,1,NA,6.018046,NA,NA,NA,NA,NA,NA,117
24653,16_1_35_88794_3_1,16_1_35_88794,108,88794,3,35,16,12275606010690,2007,2,2007,12275666010690,12275609010690,1,1,8.8,1,46.663084,-114.716938,193.838,35,0,NA,NA,NA,NA,NA,700,418.0097,30,192,1,NA,6.018046,NA,0,NA,NA,NA,NA,105
25148,16_1_49_87903_3_16,16_1_49_87903,108,87903,3,49,16,31366129010690,2008,2,2008,31366188010690,31366132010690,1,1,7.8,1,45.58022,-115.827821,134.0322,40,0,NA,NA,NA,NA,NA,700,281.7884,20,240,1,NA,6.018046,NA,0,NA,NA,NA,NA,117
25193,16_1_35_85342_3_3,16_1_35_85342,108,85342,3,35,16,35371510010690,2009,2,2009,39513519010690,39513500010690,1,1,15.3,1,46.666799,-114.973721,152.3439,58,0,NA,NA,NA,NA,NA,700,224.5805,38,86,1,NA,6.018046,NA,0,NA,NA,NA,NA,105
25373,16_1_57_83601_4_6,16_1_57_83601,108,83601,4,57,16,35372052010690,2009,2,2009,39521972010690,39521907010690,1,1,15.2,1,46.772695,-116.415502,151.0506,63,0,NA,NA,NA,NA,NA,700,288.3484,33,250,1,NA,6.018046,NA,90011,0,NA,NA,NA,105
25823,16_1_49_85264_4_6,16_1_49_85264,108,85264,4,49,16,40390491010690,2011,2,2011,51045568020004,51045513020004,2,1,7.9,1,45.516813,-116.098896,141.7616,49,0,NA,0,NA,0,NA,700,314.905,48,2,0.5,NA,6.018046,NA,0,NA,NA,NA,NA,117
26093,16_1_35_80792_4_1,16_1_35_80792,108,80792,4,35,16,40389906010690,2012,2,2013,272347343489998,272347297489998,1,2,6.4,1,46.630932,-115.239597,140.795,53,22,9999,0,NA,0,NA,670,235.0442,35,45,1,NA,6.018046,NA,NA,NA,NA,NA,NA,105
26183,16_1_35_82943_4_16,16_1_35_82943,108,82943,4,35,16,40389907010690,2012,2,2012,195359903020004,195359828020004,1,2,6.6,1,46.62405,-114.91087,125.3732,56,0,NA,0,NA,0,NA,700,226.8875,33,93,1,NA,6.018046,NA,NA,NA,NA,NA,NA,105
26228,16_1_35_85797_1_6,16_1_35_85797,108,85797,1,35,16,40389862010690,2012,2,2012,195358611020004,195358598020004,1,2,5.9,1,46.891342,-115.104061,55.1136,58,12,9999,0,NA,0,NA,700,100.0862,55,145,1,NA,6.018046,NA,NA,NA,NA,NA,NA,105
26273,16_1_35_85802_2_1,16_1_35_85802,108,85802,2,35,16,40389911010690,2012,2,2012,195360252020004,195360213020004,1,1,8.8,1,46.576402,-115.032251,195.0679,45,12,2011,0,NA,0,NA,700,376.9762,17,323,1,NA,6.018046,NA,0,NA,NA,NA,NA,105
26318,16_1_35_85802_4_16,16_1_35_85802,108,85802,4,35,16,40389911010690,2012,2,2012,195360314020004,195360213020004,1,1,10.5,1,46.576402,-115.032251,195.0679,45,12,2011,0,NA,0,NA,700,376.9762,17,323,1,NA,6.018046,NA,0,NA,NA,NA,NA,105
26678,16_1_35_82943_2_15,16_1_35_82943,108,82943,2,35,16,40389907010690,2012,2,2012,195359866020004,195359828020004,1,2,7.6,1,46.62405,-114.91087,125.3732,56,0,NA,0,NA,0,NA,700,226.8875,33,93,1,NA,6.018046,NA,NA,NA,NA,NA,NA,105
26768,16_1_49_81546_4_6,16_1_49_81546,108,81546,4,49,16,40390475010690,2012,2,2012,195368758020004,195368694020004,1,2,6.5,1,45.594189,-115.330815,24.2998,53,10,2011,10,2009,10,2008,735,53.0327,24,358,1,NA,6.018046,NA,NA,NA,NA,NA,NA,117
26813,16_1_49_81914_1_3,16_1_49_81914,108,81914,1,49,16,40390440010690,2012,2,2012,195367488020004,195367474020004,1,2,8.2,1,45.782101,-115.845859,179.7487,37,0,NA,0,NA,0,NA,735,313.2384,30,172,1,NA,6.018046,NA,NA,NA,NA,NA,NA,117
27173,16_1_49_86402_1_12,16_1_49_86402,108,86402,1,49,16,40390480010690,2012,2,2012,195368908020004,195368888020004,1,2,8.6,1,45.552662,-116.042386,97.3023,52,12,2011,12,2010,0,NA,700,191.0712,38,71,1,NA,6.018046,NA,NA,NA,NA,NA,NA,117
27218,16_1_49_86402_4_13,16_1_49_86402,108,86402,4,49,16,40390480010690,2012,2,2012,195368978020004,195368888020004,1,2,8.2,1,45.552662,-116.042386,97.3023,52,12,2011,12,2010,0,NA,700,191.0712,38,71,1,NA,6.018046,2009,NA,NA,NA,20,NA,117
27398,16_1_49_88643_1_11,16_1_49_88643,108,88643,1,49,16,40390443010690,2012,2,2012,195367823020004,195367799020004,1,2,13,1,45.76691,-115.006586,90.7419,44,12,2008,0,NA,0,NA,735,150.9474,37,207,1,NA,6.018046,2008,NA,NA,NA,10,NA,117
27668,16_1_49_87743_1_17,16_1_49_87743,108,87743,1,49,16,40390469010690,2012,2,2013,272347158489998,272347136489998,1,2,8.4,1,45.644758,-115.522088,0,44,30,2011,0,NA,0,NA,700,0,24,245,1,NA,6.018046,2012,NA,NA,NA,30,NA,117
27784,16_1_49_86004_2_3,16_1_49_86004,122,86004,2,49,16,40390500010690,2012,2,2012,195369096020004,195369077020004,1,1,20.5,1,45.469137,-116.174989,168.3963,83,0,NA,0,NA,0,NA,595,220.1871,42,356,1,NA,6.018046,NA,90006,0,NA,NA,NA,117
27938,16_1_49_88643_3_19,16_1_49_88643,108,88643,3,49,16,40390443010690,2012,2,2012,195367860020004,195367799020004,1,1,10.8,1,45.76691,-115.006586,90.7419,44,12,2008,0,NA,0,NA,735,150.9474,37,207,1,NA,6.018046,NA,90011,0,NA,NA,NA,117
28073,16_1_35_85599_3_3,16_1_35_85599,108,85599,3,35,16,40389899010690,2013,2,2013,273512142489998,273512089489998,1,2,9.4,1,46.664115,-114.850538,152.2318,48,12,9999,0,NA,0,NA,700,291.1819,40,240,1,NA,6.018046,2002,NA,NA,NA,10,NA,105
28163,16_1_49_81306_2_12,16_1_49_81306,108,81306,2,49,16,40390456010690,2013,2,2013,273513956489998,273513920489998,2,1,11.1,1,45.690487,-115.980104,309.3841,58,0,NA,0,NA,0,NA,670,508.7165,24,228,0.25,NA,6.018046,NA,0,NA,NA,NA,NA,117
28253,16_1_49_82662_2_19,16_1_49_82662,108,82662,2,49,16,40390422010690,2013,2,2013,273508022489998,273507964489998,1,1,6.8,1,45.866326,-115.332834,107.5343,45,0,NA,0,NA,0,NA,700,212.1442,12,253,1,NA,6.018046,NA,22000,0,NA,NA,NA,117
28523,16_1_49_86559_2_2,16_1_49_86559,108,86559,2,49,16,40390411010690,2013,2,2013,273530094489998,273530058489998,1,1,8.8,1,45.903173,-115.001918,64.779,30,12,2010,0,NA,0,NA,700,134.4336,21,254,1,NA,6.018046,NA,0,NA,NA,NA,NA,117
28532,16_1_49_86559_3_7,16_1_49_86559,101,86559,3,49,16,40390411010690,2013,2,2013,273530105489998,273530058489998,1,1,5.7,1,45.903173,-115.001918,64.779,30,12,2010,0,NA,0,NA,700,134.4336,21,254,1,NA,6.018046,NA,90002,0,NA,NA,NA,117
28613,16_1_49_87989_1_4,16_1_49_87989,108,87989,1,49,16,40390460010690,2013,2,2013,273514064489998,273514049489998,1,1,9.8,1,45.682387,-115.455719,63.5876,42,31,2012,0,NA,0,NA,700,128.703,10,59,1,NA,6.018046,NA,0,NA,NA,NA,NA,117
28928,16_1_49_84757_2_5,16_1_49_84757,108,84757,2,49,16,40390468010690,2013,2,2014,325209340489998,325209294489998,2,1,7,1,45.642842,-115.850385,126.7173,58,22,9999,0,NA,0,NA,700,291.7496,52,258,0.25,NA,6.018046,NA,90002,0,NA,NA,NA,117
29018,16_1_49_86124_3_5,16_1_49_86124,108,86124,3,49,16,40390483010690,2013,2,2013,273522962489998,273522913489998,1,1,8,1,45.553896,-115.654325,67.5943,30,0,NA,0,NA,0,NA,735,145.8423,66,284,1,NA,6.018046,NA,0,NA,NA,NA,NA,117
29044,16_1_49_86551_3_3,16_1_49_86551,122,86551,3,49,16,40390485010690,2013,2,2013,273514508489998,273514467489998,1,2,5.1,1,45.548088,-115.337031,0,65,30,2010,0,NA,0,NA,595,0,50,101,1,NA,6.018046,2010,NA,NA,NA,30,NA,117
29153,16_1_49_85821_2_7,16_1_49_85821,108,85821,2,49,16,40390481010690,2013,2,2013,273514398489998,273514361489998,1,1,6.1,1,45.55593,-115.970709,86.7064,39,0,NA,0,NA,0,NA,735,164.9286,14,287,1,NA,6.018046,NA,90001,0,NA,NA,NA,117
29648,16_1_35_85802_4_17,16_1_35_85802,108,85802,4,35,16,40389911010690,2012,2,2012,195360315020004,195360213020004,1,1,11.8,1,46.576402,-115.032251,195.0679,45,12,2011,0,NA,0,NA,700,376.9762,17,323,1,NA,6.018046,NA,0,NA,NA,NA,NA,105
29873,16_1_49_80045_2_37,16_1_49_80045,108,80045,2,49,16,188770618020004,2014,3,2014,325568098489998,325568008489998,1,1,6.9,1,45.639982,-115.782832,241.5713,56,0,NA,0,NA,0,NA,700,541.68,10,10,1,NA,6.018046,NA,0,NA,NA,NA,1,117
29918,16_1_49_80045_4_47,16_1_49_80045,108,80045,4,49,16,188770618020004,2014,3,2014,325568162489998,325568008489998,1,1,5.2,1,45.639982,-115.782832,241.5713,56,0,NA,0,NA,0,NA,700,541.68,10,10,1,1,6.018046,NA,0,NA,NA,NA,NA,117
30188,16_1_49_83908_4_16,16_1_49_83908,108,83908,4,49,16,188770591020004,2014,3,2014,325566121489998,325566018489998,1,2,NA,1,45.773188,-115.26409,133.1288,65,0,NA,0,NA,0,NA,700,276.7441,51,120,1,NA,NA,NA,NA,NA,NA,NA,2,117
30953,16_1_49_84082_2_24,16_1_49_84082,108,84082,2,49,16,188770235020004,2014,3,2014,325588234489998,325588171489998,1,1,11.4,1,45.750711,-115.626057,196.1131,51,0,NA,0,NA,0,NA,700,407.0529,25,295,1,NA,6.018046,NA,0,NA,NA,NA,1,117
30998,16_1_49_85715_3_9,16_1_49_85715,108,85715,3,49,16,188770236020004,2014,3,2014,325588391489998,325588347489998,1,2,NA,1,45.64135,-115.457951,29.4535,56,30,2011,0,NA,0,NA,670,50.7065,47,49,1,NA,NA,NA,NA,NA,NA,NA,2,117
31043,16_1_49_87025_4_3,16_1_49_87025,108,87025,4,49,16,188770685020004,2014,3,2014,325571787489998,325571769489998,1,2,NA,1,46.127977,-114.799074,0,30,0,NA,0,NA,0,NA,735,0,26,103,1,NA,NA,NA,NA,NA,NA,NA,2,117
31277,16_1_49_88069_4_6,16_1_49_88069,101,88069,4,49,16,188770885020004,2014,3,2014,325581407489998,325581346489998,1,2,7.2,1,46.477787,-114.463731,0,39,30,2012,0,NA,0,NA,735,0,45,46,1,NA,6.018046,NA,NA,NA,NA,NA,2,105
31380,16_1_57_86368_1_9,16_1_57_86368,119,86368,1,57,16,188770437020004,2014,3,2014,325559886489998,325559862489998,1,1,1.5,1,47.027427,-116.769707,113.2711,62,0,NA,0,NA,0,NA,595,225.3106,40,285,1,NA,74.965282,NA,NA,NA,NA,NA,1,105
31470,16_1_57_86368_3_10,16_1_57_86368,119,86368,3,57,16,188770437020004,2014,3,2014,325559910489998,325559862489998,1,2,NA,1,47.027427,-116.769707,113.2711,62,0,NA,0,NA,0,NA,595,225.3106,40,285,1,NA,NA,2009,NA,NA,NA,60,1,105
31898,16_1_35_86691_2_1,16_1_35_86691,108,86691,2,35,16,188771565020004,2015,3,2015,387667772489998,387667763489998,1,1,5.6,1,46.845409,-114.974288,62.96,41,0,NA,0,NA,0,NA,670,138.1668,42,120,1,NA,6.018046,NA,0,NA,NA,NA,1,105
32055,16_1_35_86405_2_4,16_1_35_86405,119,86405,2,35,16,188771566020004,2015,3,2015,387667873489998,387667844489998,1,2,28.3,1,46.802219,-115.164264,96.9535,54,0,NA,0,NA,0,NA,595,157.1809,74,241,1,NA,6.018046,NA,NA,NA,NA,NA,2,105
32168,16_1_49_83330_1_7,16_1_49_83330,108,83330,1,49,16,188771530020004,2015,3,2015,387665304489998,387665284489998,1,1,6.1,1,45.559653,-115.914329,118.9814,50,0,NA,0,NA,0,NA,700,232.5325,40,210,1,NA,6.018046,NA,90002,0,NA,NA,1,117
32194,16_1_49_83687_2_2,16_1_49_83687,122,83687,2,49,16,188771313020004,2015,3,2015,387656693489998,387656678489998,1,1,25.4,1,46.037351,-114.732812,40.6765,73,30,2012,0,NA,0,NA,595,59.6702,31,284,1,NA,6.018046,NA,90006,0,NA,NA,1,117
32438,16_1_49_85344_3_11,16_1_49_85344,108,85344,3,49,16,188771439020004,2015,3,2015,387660354489998,387660316489998,1,1,7,1,45.858227,-115.070778,53.2084,48,10,9999,0,NA,0,NA,700,109.2368,40,280,1,NA,6.018046,NA,0,NA,NA,NA,1,117
32663,16_1_49_87184_4_8,16_1_49_87184,108,87184,4,49,16,188771792020004,2015,3,2015,387678092489998,387678025489998,2,2,NA,1,46.526848,-114.464779,16.6924,18,22,9999,31,2013,0,NA,735,45.5672,23,6,0.5,NA,NA,2013,NA,NA,NA,30,1,105
32753,16_1_49_86385_2_1,16_1_49_86385,108,86385,2,49,16,188771216020004,2015,3,2015,387652995489998,387652947489998,1,1,9,1,45.663894,-115.757778,233.8091,59,0,NA,0,NA,0,NA,700,481.0199,5,282,1,NA,6.018046,NA,0,NA,NA,NA,1,117
32798,16_1_49_86385_4_2,16_1_49_86385,108,86385,4,49,16,188771216020004,2015,3,2015,387653069489998,387652947489998,1,1,7.5,1,45.663894,-115.757778,233.8091,59,0,NA,0,NA,0,NA,700,481.0199,5,282,1,NA,6.018046,NA,0,NA,NA,NA,1,117
32942,16_1_49_83600_2_6,16_1_49_83600,101,83600,2,49,16,188771499020004,2015,3,2016,485511709489998,485511688489998,1,2,7.5,1,45.98457,-115.069845,70.8599,41,31,2013,0,NA,0,NA,700,138.0008,35,120,1,NA,6.018046,NA,NA,NA,NA,NA,2,117
33203,16_1_49_86912_3_7,16_1_49_86912,108,86912,3,49,16,188771655020004,2015,3,2015,387672067489998,387672029489998,1,2,12.3,1,46.033937,-114.933161,146.9298,40,22,9999,0,NA,0,NA,595,273.5824,50,116,1,NA,6.018046,NA,NA,NA,NA,NA,2,117
33293,16_1_49_85596_4_6,16_1_49_85596,108,85596,4,49,16,188771500020004,2015,3,2015,387663214489998,387663171489998,1,2,9.2,1,45.860518,-115.263661,82.6733,48,0,NA,0,NA,0,NA,735,142.7039,45,139,1,NA,6.018046,NA,NA,NA,NA,NA,2,117
33563,16_1_49_86172_2_5,16_1_49_86172,108,86172,2,49,16,37275863010690,2010,2,2010,42512364010690,42512349010690,1,1,16.3,1,46.443945,-114.783096,44.9165,53,0,NA,0,NA,0,NA,700,94.1791,60,115,1,NA,6.018046,NA,0,NA,NA,NA,NA,105
33630,16_1_35_84293_3_12,16_1_35_84293,119,84293,3,35,16,188770732020004,2014,3,2014,325573971489998,325573927489998,1,1,6.6,1,46.412509,-115.701206,184.2118,47,0,NA,0,NA,0,NA,770,365.7229,51,270,1,1,6.018046,NA,22000,0,NA,NA,NA,105
33698,16_1_49_83908_3_10,16_1_49_83908,108,83908,3,49,16,188770591020004,2014,3,2014,325566084489998,325566018489998,1,1,10.6,1,45.773188,-115.26409,133.1288,65,0,NA,0,NA,0,NA,700,276.7441,51,120,1,NA,6.018046,NA,0,NA,NA,NA,1,117
34710,16_1_57_81464_2_6,16_1_57_81464,119,81464,2,57,16,188770616020004,2014,3,2014,325567858489998,325567832489998,1,1,1.6,1,46.911908,-116.610881,63.4756,70,0,NA,0,NA,0,NA,595,174.3959,35,221,0.861146,1,74.965282,NA,NA,NA,NA,NA,NA,105
34778,16_1_49_88640_4_25,16_1_49_88640,108,88640,4,49,16,188770737020004,2014,3,2014,325574526489998,325574443489998,1,2,NA,1,45.957947,-115.45014,196.757,73,0,NA,0,NA,0,NA,595,338.3102,54,327,1,NA,NA,NA,NA,NA,NA,NA,2,117
35498,16_1_49_86385_1_29,16_1_49_86385,108,86385,1,49,16,188771216020004,2015,3,2015,387652986489998,387652947489998,1,1,7.7,1,45.663894,-115.757778,233.8091,59,0,NA,0,NA,0,NA,700,481.0199,5,282,1,NA,6.018046,NA,0,NA,NA,NA,1,117
