PLOT,PLOT_COMPOSITE_ID,COUNTYCD,STATECD,PLT_CN,INVYR,CYCLE,MEASYEAR,COND_CN,CONDID,STATUSCD,COND_STATUS_CD,LAT,LON,BALIVE,SICOND,DSTRBCD1,DSTRBYR1,DSTRBCD2,DSTRBYR2,DSTRBCD3,DSTRBYR3,SDIMAX_RMRS,SDI_RMRS,SLOPE,ASPECT,CONDPROP_UNADJ,RECONCILECD,TPA_UNADJ,MORTYR,ADFORCD,TREESALL,TOTALDEAD,DEADPROP,precip,temp
80015,16_1_49_80015,49,16,31362828010690,2008,2,2008,31362831010690,1,1,1,45.599731,-115.98244,166.5874,55,0,NA,NA,NA,NA,NA,735,285.9927,40,345,1,NA,74.965282,NA,117,2,1,0.5,1136.4559326171875,3.319999933242798
80031,16_1_35_80031,35,16,40389871010690,2011,2,2011,51035595020004,1,1,1,46.817679,-116.151118,104.062,92,0,NA,0,NA,0,NA,595,179.2134,3,0,1,NA,6.018046,NA,105,1,0,0,1111.322021484375,6.649999618530273
80045,16_1_49_80045,49,16,4726500010690,2004,2,2004,4726503010690,1,1,1,45.639982,-115.782832,259.3236,61,0,NA,NA,NA,NA,NA,700,611.1614,10,10,1,NA,74.965282,NA,117,142,4,0.02816901408450704,1074.1251220703125,2.6399998664855957
80138,16_1_49_80138,49,16,40390484010690,2011,2,2011,51045050020004,1,2,1,45.544713,-115.39777,164.9742,40,0,NA,0,NA,0,NA,735,337.1431,16,171,1,NA,6.018046,2009,117,8,7,0.875,754.3092041015625,3.319999933242798
80139,16_1_49_80139,49,16,40390360010690,2013,2,2013,273529849489998,1,1,1,46.167071,-114.795367,63.6006,35,0,NA,0,NA,0,NA,670,146.3513,40,48,1,NA,6.018046,NA,117,3,0,0,1305.183349609375,3.929999828338623
80165,16_1_49_80165,49,16,11801734010690,2006,2,2006,11801737010690,1,1,1,46.112174,-115.760732,52.0894,77,0,NA,NA,NA,NA,NA,595,82.7124,85,210,1,NA,6.018046,NA,117,1,0,0,741.27777099609375,9.359999656677246
80177,16_1_49_80177,49,16,11801759010690,2006,2,2006,11801762010690,1,1,1,45.943707,-114.866134,60.338,69,0,NA,NA,NA,NA,NA,595,117.067,40,86,1,NA,6.018046,NA,117,1,0,0,790.1708984375,6.619999885559082
80259,16_1_35_80259,35,16,11797236010690,2006,2,2006,11797239010690,1,1,1,46.763788,-115.424369,241.8076,57,0,NA,NA,NA,NA,NA,450,330.6586,61,158,1,NA,6.018046,NA,105,18,2,0.1111111111111111,1593.720458984375,5.329999923706055
80266,16_1_35_80266,35,16,12274700010690,2007,2,2007,12274703010690,1,1,1,46.538855,-115.564208,87.0238,40,0,NA,NA,NA,NA,NA,735,139.9011,70,180,1,NA,6.018046,NA,105,2,0,0,1404.468017578125,6.119999885559082
80372,16_1_49_80372,49,16,31363026010690,2008,2,2008,31363029010690,1,1,1,46.290542,-115.357563,86.1664,58,0,NA,NA,NA,NA,NA,595,159.1699,70,265,1,NA,6.018046,NA,105,2,0,0,990.3671875,7.9599995613098145
80396,16_1_49_80396,49,16,40390357010690,2011,2,2012,51042208020004,1,2,1,46.173066,-115.257142,88.5587,32,0,NA,0,NA,0,NA,735,164.2176,27,225,1,NA,6.018046,NA,117,7,7,1,1476.74462890625,3.629999876022339
80416,16_1_49_80416,49,16,40390455010690,2011,2,2011,51044240020004,1,2,1,45.6876,-116.031307,258.9157,25,0,NA,0,NA,0,NA,735,399.0037,48,12,1,NA,6.018046,NA,117,1,1,1,954.465576171875,4.949999809265137
80443,16_1_57_80443,57,16,31367769010690,2008,2,2008,31367772010690,1,1,1,46.904909,-116.409576,195.7688,61,0,NA,NA,NA,NA,NA,735,378.2006,24,304,1,NA,6.018046,NA,105,7,1,0.14285714285714285,897.52716064453125,7.419999599456787
80471,16_1_49_80471,49,16,40390472010690,2012,2,2012,195368466020004,1,2,1,45.601245,-116.161448,243.233,59,0,NA,0,NA,0,NA,735,352.6605,63,329,1,NA,6.018046,2009,117,7,2,0.2857142857142857,1015.1156005859376,4.589999675750732
80487,16_1_35_80487,35,16,40389895010690,2011,2,2011,51036257020004,1,1,1,46.67561,-115.431932,234.5465,NA,0,NA,0,NA,0,NA,735,406.3764,20,249,1,NA,6.018046,NA,105,7,4,0.5714285714285714,1291.1346435546875,6.639999866485596
80525,16_1_49_80525,49,16,40390563010690,2011,2,2011,51047299020004,1,1,1,45.84402,-115.226549,89.0789,58,10,2009,0,NA,0,NA,700,162.2895,38,264,1,NA,6.018046,NA,117,44,23,0.5227272727272727,961.0430908203124,4.75
80539,16_1_49_80539,49,16,31363073010690,2008,2,2008,31363076010690,1,1,1,46.618551,-114.65272,54.853,24,0,NA,NA,NA,NA,NA,735,137.9667,28,250,1,NA,6.018046,NA,105,12,1,0.08333333333333333,1205.0994873046875,4.230000019073486
80543,16_1_49_80543,49,16,11801876010690,2006,2,2006,11801879010690,1,2,1,46.487181,-114.724212,76.9749,48,0,NA,NA,NA,NA,NA,595,169.8903,50,265,1,NA,6.018046,NA,105,5,3,0.6,987.9002685546876,5.849999904632568
80544,16_1_49_80544,49,16,31363136010690,2008,2,2008,31363139010690,1,1,1,45.927263,-115.15564,300.5577,60,0,NA,NA,NA,NA,NA,735,531.1716,40,280,1,NA,6.018046,NA,117,2,0,0,1030.8492431640625,4.529999732971191
80582,16_1_49_80582,49,16,11801949010690,2006,2,2006,11801952010690,1,1,1,45.416434,-115.534097,158.1315,66,0,NA,NA,NA,NA,NA,450,199.9301,55,180,1,NA,6.018046,NA,117,5,1,0.2,697.29779052734375,5.230000019073486
80617,16_1_49_80617,49,16,35371860010690,2009,2,2009,39517408010690,1,1,1,45.90161,-115.12875,88.1828,51,0,NA,NA,NA,NA,NA,700,166.0955,55,75,1,NA,6.018046,NA,117,20,4,0.2,1155.4970703125,3.75
80654,16_1_49_80654,49,16,12278788010690,2007,2,2007,12278791010690,1,1,1,45.49976,-115.338867,54.772,64,0,NA,NA,NA,NA,NA,595,94.2967,65,85,1,NA,6.018046,NA,117,12,1,0.08333333333333333,659.39306640625,7.87999963760376
80675,16_1_35_80675,35,16,12274889010690,2007,2,2007,12274892010690,1,2,1,46.539617,-115.243692,96.5143,63,0,NA,NA,NA,NA,NA,700,155.4466,45,170,1,NA,6.018046,1999,105,38,22,0.5789473684210527,1625.266357421875,4.880000114440918
80707,16_1_49_80707,49,16,31703009010690,2005,2,2005,31703010010690,1,2,1,45.502964,-115.461594,142.8174,54,0,NA,NA,NA,NA,NA,595,248.6206,26,310,1,NA,6.018046,NA,117,18,6,0.3333333333333333,729.214111328125,3.7699999809265137
80718,16_1_49_80718,49,16,12278825010690,2007,2,2007,12278828010690,1,1,1,46.035571,-114.678427,114.2621,39,0,NA,NA,NA,NA,NA,700,220.9692,55,16,1,NA,6.018046,NA,117,35,18,0.5142857142857142,1085.9188232421875,5.420000076293945
80784,16_1_49_80784,49,16,40390314010690,2013,2,2013,273536008489998,1,2,1,46.52392,-114.52606,186.8709,58,0,NA,0,NA,0,NA,670,316.8571,53,125,1,NA,6.018046,NA,105,8,1,0.125,1320.80712890625,3.7199997901916504
80792,16_1_35_80792,35,16,40389906010690,2012,2,2013,272347297489998,1,2,1,46.630932,-115.239597,140.795,53,22,9999,0,NA,0,NA,670,235.0442,35,45,1,NA,6.018046,2006,105,32,20,0.625,1547.6715087890625,5.25
80854,16_1_49_80854,49,16,11802037010690,2006,2,2006,11802040010690,1,2,1,46.25783,-114.532861,0,29,0,NA,NA,NA,NA,NA,700,0,80,196,1,NA,6.018046,NA,117,1,1,1,1081.3077392578125,4.089999675750732
80870,16_1_35_80870,35,16,4722360010690,2004,2,2004,4722363010690,1,2,1,46.761177000000004,-115.174524,241.9956,22,0,NA,NA,NA,NA,NA,735,495.7103,63,306,1,NA,6.018046,NA,105,5,1,0.2,1720.4581298828125,4.389999866485596
80885,16_1_35_80885,35,16,40389883010690,2012,2,2012,195359408020004,1,1,2,46.759398,-115.029719,NA,NA,0,NA,0,NA,0,NA,NA,0,NA,NA,1,NA,6.018046,NA,105,1,0,0,1203.32373046875,5.389999866485596
80929,16_1_49_80929,49,16,11802073010690,2006,2,2006,11802076010690,1,1,1,45.78258,-116.096961,85.0822,NA,0,NA,NA,NA,NA,NA,595,184.1698,35,245,1,NA,6.018046,NA,117,2,0,0,855.9278564453125,5.819999694824219
80960,16_1_49_80960,49,16,40390359010690,2011,2,2011,51042294020004,1,1,1,46.175027,-114.925015,41.6266,61,0,NA,0,NA,0,NA,595,101.6734,58,86,1,NA,6.018046,NA,117,2,0,0,847.6934814453125,7.849999904632568
80964,16_1_49_80964,49,16,11802125010690,2006,2,2006,11802128010690,1,1,1,45.811546,-115.075268,158.279,55,0,NA,NA,NA,NA,NA,700,341.6347,20,300,1,NA,6.018046,NA,117,98,11,0.11224489795918367,1066.274169921875,3.109999895095825
80990,16_1_49_80990,49,16,37275887010690,2010,2,2011,42514498010690,1,2,1,45.990882,-114.932127,17.7205,29,0,NA,0,NA,0,NA,595,32.1447,43,250,1,NA,6.018046,NA,117,15,9,0.6,1055.5269775390625,4.940000057220459
81018,16_1_35_81018,35,16,5382377010690,2005,2,2005,5382380010690,1,1,1,46.667174,-114.776673,93.3793,19,0,NA,NA,NA,NA,NA,670,195.6272,65,242,1,NA,6.018046,NA,105,14,3,0.21428571428571427,2082.417236328125,2.549999952316284
81021,16_1_35_81021,35,16,37275710010690,2010,2,2010,42505804010690,1,2,1,46.720826,-115.499133,181.3227,85,0,NA,0,NA,0,NA,595,286.8244,40,313,1,NA,6.018046,NA,105,5,1,0.2,1424.4273681640625,6.21999979019165
81036,16_1_49_81036,49,16,40390560010690,2012,2,2012,195370844020004,1,1,1,45.932262,-115.029978,65.4292,20,30,2008,0,NA,0,NA,735,134.8754,72,262,1,NA,6.018046,NA,117,18,11,0.6111111111111112,1301.54052734375,3.059999942779541
81069,16_1_49_81069,49,16,11802261010690,2006,2,2006,11802264010690,1,2,1,46.31055,-115.059055,32.4304,47,0,NA,NA,NA,NA,NA,670,56.1354,45,133,1,NA,6.018046,NA,117,3,2,0.6666666666666666,1621.7177734375,3.649999856948853
81155,16_1_49_81155,49,16,31363392010690,2008,2,2008,31363395010690,1,1,1,45.777023,-115.970355,102.0018,86,0,NA,NA,NA,NA,NA,450,156.9017,45,180,1,NA,6.018046,NA,117,14,1,0.07142857142857142,768.0047607421875,7.109999656677246
81199,16_1_49_81199,49,16,40390337010690,2013,2,2013,273521675489998,1,1,1,46.319852,-115.189472,35.7711,44,0,NA,0,NA,0,NA,735,70.9702,55,260,1,NA,6.018046,NA,105,23,13,0.5652173913043478,1431.0316162109375,4.739999771118164
81221,16_1_49_81221,49,16,4726961010690,2004,2,2004,4726964010690,1,1,1,45.288584,-116.427125,168.2324,54,0,NA,NA,NA,NA,NA,450,241.5124,38,70,1,NA,6.018046,NA,117,12,1,0.08333333333333333,544.587158203125,7.939999580383301
81266,16_1_57_81266,57,16,35372040010690,2009,2,2009,39521724010690,1,1,1,47.0001,-116.610419,124.4496,54,0,NA,NA,NA,NA,NA,735,263.6685,30,206,1,NA,74.965282,NA,105,2,0,0,905.4061889648436,7.359999656677246
81283,16_1_49_81283,49,16,40390449010690,2011,2,2011,51043974020004,1,2,1,45.721258,-115.075746,76.7531,42,0,NA,0,NA,0,NA,735,174.5327,10,266,1,NA,6.018046,NA,117,12,10,0.8333333333333334,1003.4093017578124,3.43999981880188
81305,16_1_35_81305,35,16,40389861010690,2012,2,2013,272346273489998,1,2,1,46.899759,-115.431572,132.2586,81,0,NA,0,NA,0,NA,595,182.8443,45,341,1,NA,6.018046,2002,105,1,1,1,1127.1114501953125,6.569999694824219
81381,16_1_49_81381,49,16,35371871010690,2009,2,2009,39517590010690,1,1,1,45.814686,-115.658011,68.2661,103,0,NA,NA,NA,NA,NA,735,173.5164,10,195,1,NA,6.018046,NA,117,2,0,0,789.5447998046875,5.440000057220459
81480,16_1_49_81480,49,16,12279047010690,2007,2,2007,12279050010690,1,2,1,45.728552,-115.202946,0,43,30,2006,0,NA,NA,NA,700,0,10,108,1,NA,6.018046,2006,117,18,18,1,1168.0753173828125,2.629999876022339
81546,16_1_49_81546,49,16,40390475010690,2012,2,2012,195368694020004,1,2,1,45.594189,-115.330815,24.2998,53,10,2011,10,2009,10,2008,735,53.0327,24,358,1,NA,6.018046,NA,117,39,33,0.8461538461538461,781.42327880859375,3.929999828338623
81553,16_1_49_81553,49,16,4727055010690,2004,2,2004,4727058010690,1,1,1,45.906903,-115.197464,179.1469,73,0,NA,NA,NA,NA,NA,450,269.156,60,210,1,NA,6.018046,NA,117,8,1,0.125,854.978759765625,5.819999694824219
81582,16_1_49_81582,49,16,40390318010690,2013,2,2013,273521167489998,1,1,1,46.488346,-114.863029,220.0723,41,0,NA,0,NA,0,NA,735,312.1193,85,282,1,NA,6.018046,NA,105,2,0,0,931.7666015625,6.139999866485596
81610,16_1_35_81610,35,16,11797362010690,2006,2,2006,11797365010690,1,2,1,46.628271,-115.427957,194.7844,77,0,NA,NA,NA,NA,NA,735,291.3614,56,52,1,NA,6.018046,NA,105,1,1,1,1186.0999755859375,6.980000019073486
81630,16_1_49_81630,49,16,40390569010690,2011,2,2011,51047523020004,1,2,1,45.532261,-116.05988,117.2971,49,10,2010,10,2009,10,2008,670,233.7227,45,248,1,NA,6.018046,2008,117,38,28,0.7368421052631579,991.4693603515624,4.650000095367432
81637,16_1_49_81637,49,16,5387286010690,2005,2,2005,5387289010690,1,1,1,45.649384,-116.096338,112.7845,76,0,NA,NA,NA,NA,NA,450,141.8061,58,223,1,NA,6.018046,NA,117,6,0,0,892.1445922851564,5.619999885559082
81668,16_1_79_81668,79,16,5396328010690,2005,2,2005,5396331010690,1,1,1,46.981114,-115.147695,106.0732,52,0,NA,NA,NA,NA,NA,670,198.8941,40,244,0.960063,NA,6.018046,NA,105,7,0,0,1624.25537109375,3.40999984741211
81744,16_1_49_81744,49,16,37275864010690,2010,2,2011,42512428010690,1,2,2,46.430141,-114.397221,NA,NA,30,2007,0,NA,0,NA,NA,0,NA,NA,1,NA,6.018046,2007,105,1,1,1,1449.5853271484375,3.049999952316284
81748,16_1_49_81748,49,16,35371795010690,2009,2,2009,39517753010690,1,1,1,46.496137,-114.97436,92.6918,58,0,NA,NA,NA,NA,NA,595,153.2094,65,226,1,NA,6.018046,NA,105,3,0,0,952.7998046875,6.009999752044678
81764,16_1_49_81764,49,16,37275872010690,2010,2,2010,42513186010690,1,1,1,46.264863,-115.117319,172.9654,64,0,NA,0,NA,0,NA,670,306.292,32,206,1,NA,6.018046,NA,117,3,0,0,1485.7113037109375,4.039999961853027
81802,16_1_49_81802,49,16,11802380010690,2006,2,2006,11802383010690,1,1,1,46.076677,-114.865857,47.5252,62,0,NA,NA,NA,NA,NA,450,64.2055,75,280,1,NA,6.018046,NA,117,4,0,0,874.9531860351564,7.609999656677246
81808,16_1_49_81808,49,16,40390553010690,2012,2,2013,272346846489998,1,2,1,46.291674,-115.209143,122.7647,43,0,NA,0,NA,0,NA,670,214.9422,3,0,1,NA,6.018046,NA,105,19,9,0.47368421052631576,1525.718017578125,4.059899806976318
81914,16_1_49_81914,49,16,40390440010690,2012,2,2012,195367474020004,1,1,1,45.782101,-115.845859,179.7487,37,0,NA,0,NA,0,NA,735,313.2384,30,172,1,NA,6.018046,NA,117,17,10,0.5882352941176471,761.6952514648436,6.009999752044678
81927,16_1_49_81927,49,16,11802399010690,2006,2,2006,11802402010690,1,2,1,45.581582,-115.886719,116.4259,44,0,NA,NA,NA,NA,NA,670,198.1511,15,247,1,NA,6.018046,NA,117,8,5,0.625,1331.216796875,2.7699999809265137
82035,16_1_49_82035,49,16,40390344010690,2012,2,2012,195365956020004,1,1,1,46.230495,-115.704579,231.4861,39,0,NA,0,NA,0,NA,770,361.6422,26,116,1,NA,6.018046,NA,105,1,0,0,1131.334716796875,7.46999979019165
82055,16_1_49_82055,49,16,35371888010690,2009,2,2009,39517801010690,1,1,1,45.695221,-116.094698,177.4148,55,0,NA,NA,NA,NA,NA,670,334.6209,20,320,1,NA,6.018046,NA,117,23,8,0.34782608695652173,982.38226318359375,4.529999732971191
82061,16_1_49_82061,49,16,35371804010690,2009,2,2009,39517893010690,1,2,1,46.391168,-114.470475,0,49,32,2006,0,NA,NA,NA,670,0,28,27,1,NA,6.018046,2006,105,12,12,1,1401.2657470703125,3.069999933242798
82082,16_1_49_82082,49,16,40390332010690,2011,2,2011,51041703020004,1,2,1,46.34775,-114.528916,0,NA,30,2007,0,NA,0,NA,700,0,15,248,1,NA,6.018046,2007,105,11,11,1,1293.705810546875,3.419999837875366
82092,16_1_49_82092,49,16,5387390010690,2005,2,2005,5387393010690,1,1,1,45.514581,-116.238306,165.9529,45,0,NA,NA,NA,NA,NA,450,241.9912,47,155,1,NA,6.018046,NA,117,9,1,0.1111111111111111,874.7977905273436,6.869999885559082
82117,16_1_49_82117,49,16,31363557010690,2008,2,2009,31363559010690,1,1,1,45.989003,-114.679762,118.2586,45,0,NA,NA,NA,NA,NA,700,258.36,0,0,1,NA,6.018046,NA,117,50,6,0.12,1132.417724609375,5
82138,16_1_49_82138,49,16,11802572010690,2006,2,2006,11802575010690,1,1,1,45.776758,-115.709467,181.6317,39,0,NA,NA,NA,NA,NA,700,461.407,25,220,1,NA,6.018046,NA,117,86,0,0,765.6787719726564,5.650000095367432
82173,16_1_49_82173,49,16,31363627010690,2008,2,2008,31363630010690,1,1,1,46.435021,-114.527722,134.7786,39,0,NA,NA,NA,NA,NA,595,217.7404,30,277,1,NA,6.018046,NA,105,11,3,0.2727272727272727,1107.95556640625,4.46999979019165
82178,16_1_49_82178,49,16,31363678010690,2008,2,2008,31363681010690,1,1,2,45.462209,-115.657572,NA,NA,30,2006,0,NA,NA,NA,NA,0,NA,NA,1,NA,6.018046,NA,117,1,0,0,626.37738037109375,7.480000019073486
82187,16_1_49_82187,49,16,40390367010690,2012,2,2012,195366139020004,1,1,2,46.131713,-115.177007,NA,NA,0,NA,0,NA,0,NA,NA,0,NA,NA,1,NA,74.965282,NA,117,2,0,0,1182.7940673828125,4.429999828338623
82202,16_1_49_82202,49,16,40390383010690,2013,2,2013,273507412489998,1,2,1,46.034348,-114.802821,0,58,0,NA,0,NA,0,NA,450,0,95,136,1,NA,NA,2005,117,4,4,1,926.93084716796875,7
82203,16_1_49_82203,49,16,31363690010690,2008,2,2008,31363693010690,1,2,1,45.816389,-115.000219,150.5805,51,0,NA,NA,NA,NA,NA,670,283.0726,42,320,1,NA,6.018046,NA,117,1,1,1,1086.819091796875,3.509999990463257
82233,16_1_49_82233,49,16,37275947010690,2010,2,2010,42520012010690,1,1,1,45.455373,-116.233338,96.9043,67,31,2006,0,NA,0,NA,450,129.9895,40,59,1,NA,6.018046,NA,117,6,0,0,836.3861083984375,6.489999771118164
82352,16_1_49_82352,49,16,5387446010690,2005,2,2005,5387449010690,1,1,1,45.547069,-115.271366,38.3828,66,0,NA,NA,NA,NA,NA,450,59.7809,62,141,1,NA,74.965282,NA,117,4,1,0.25,620.55450439453125,7.769999980926514
82399,16_1_49_82399,49,16,31363918010690,2008,2,2008,31363921010690,1,1,1,45.59077,-115.468951,116.7141,44,0,NA,NA,NA,NA,NA,670,238.5906,35,120,1,NA,6.018046,NA,117,30,14,0.4666666666666667,773.4462890625,2.4800000190734863
82408,16_1_49_82408,49,16,37275904010690,2010,2,2010,42515854010690,1,1,1,45.771192,-115.598536,37.7063,26,0,NA,0,NA,0,NA,735,86.5216,20,103,0.993133,NA,74.965282,NA,117,2,0,0,792.66558837890625,5.389999866485596
82409,16_1_49_82409,49,16,12279305010690,2007,2,2007,12279308010690,1,1,1,46.392983,-114.593577,85.4136,56,0,NA,NA,NA,NA,NA,700,161.0711,34,159,1,NA,6.018046,NA,105,36,10,0.2777777777777778,1186.3358154296875,3.919999837875366
82476,16_1_49_82476,49,16,37275903010690,2010,2,2010,42515675010690,1,2,1,45.777186,-115.908812,90.0837,65,22,9999,0,NA,0,NA,595,175.1961,48,325,1,NA,6.018046,2005,117,9,7,0.7777777777777778,737.7174072265625,7.019999980926514
82508,16_1_49_82508,49,16,40390410010690,2011,2,2011,51043016020004,1,2,2,45.899294,-115.064258,NA,NA,30,2010,0,NA,0,NA,NA,0,NA,NA,1,NA,6.018046,NA,117,1,1,1,1177.239013671875,3.5899999141693115
82510,16_1_79_82510,79,16,12287437010690,2007,2,2007,12287440010690,1,2,1,46.985931,-115.095234,154.6881,57,0,NA,NA,NA,NA,NA,670,239.241,37,180,1,NA,6.018046,NA,105,9,6,0.6666666666666666,1745.918701171875,3.309999942779541
82564,16_1_49_82564,49,16,12279560010690,2007,2,2007,12279563010690,1,2,1,45.877456,-115.832901,147.0763,47,0,NA,NA,NA,NA,NA,735,274.8078,30,90,1,NA,6.018046,NA,117,7,5,0.7142857142857143,846.1248779296875,6.089999675750732
82583,16_1_35_82583,35,16,35371523010690,2009,2,2009,39513329010690,1,2,1,46.541979,-115.506564,146.0444,70,0,NA,NA,NA,NA,NA,595,238.9498,33,84,1,NA,6.018046,2005,105,3,1,0.3333333333333333,1281.230712890625,6.539999961853027
82648,16_1_49_82648,49,16,31364152010690,2008,2,2008,31364155010690,1,1,1,45.819093,-115.32708,18.1003,77,0,NA,NA,NA,NA,NA,735,33.1659,35,185,1,NA,6.018046,NA,117,4,0,0,938.8114624023436,4.759999752044678
82662,16_1_49_82662,49,16,40390422010690,2013,2,2013,273507964489998,1,1,1,45.866326,-115.332834,107.5343,45,0,NA,0,NA,0,NA,700,212.1442,12,253,1,NA,6.018046,NA,117,97,46,0.4742268041237113,1051.4388427734375,4.089999675750732
82664,16_1_49_82664,49,16,37275923010690,2010,2,2010,42518052010690,1,1,1,45.457171,-115.595976,15.1223,55,32,2008,0,NA,0,NA,595,21.604,91,274,1,NA,6.018046,NA,117,2,1,0.5,682.97808837890625,4.71999979019165
82730,16_1_35_82730,35,16,4722783010690,2004,2,2004,4722786010690,1,1,1,46.576014,-114.983579,116.013,58,0,NA,NA,NA,NA,NA,700,218.391,50,299,1,NA,6.018046,NA,105,36,5,0.1388888888888889,1309.7572021484375,4.909999847412109
82739,16_1_35_82739,35,16,37275722010690,2010,2,2011,42507583010690,1,1,1,46.747135,-115.136315,33.8381,41,0,NA,0,NA,0,NA,700,86.0606,55,279,1,NA,74.965282,NA,105,7,0,0,1346.440185546875,5.420000076293945
82779,16_1_49_82779,49,16,12279675010690,2007,2,2007,12279678010690,1,1,1,45.511581,-116.16358,262.824,28,0,NA,NA,NA,NA,NA,735,399.2404,55,37,1,NA,6.018046,NA,117,2,0,0,937.58526611328125,6.089999675750732
82865,16_1_57_82865,57,16,40390683010690,2012,2,2012,195372311020004,1,1,1,46.9152,-116.687236,29.3317,75,0,NA,0,NA,0,NA,595,43.1914,30,316,1,NA,6.018046,NA,105,1,0,0,821.47796630859375,7.730000019073486
82938,16_1_49_82938,49,16,37275928010690,2010,2,2010,42518284010690,1,1,1,45.38156,-116.428977,42.444,50,0,NA,0,NA,0,NA,450,60.0889,54,125,1,NA,6.018046,NA,117,3,0,0,581.83477783203125,8.34999942779541
82943,16_1_35_82943,35,16,40389907010690,2012,2,2012,195359828020004,1,1,1,46.62405,-114.91087,125.3732,56,0,NA,0,NA,0,NA,700,226.8875,33,93,1,NA,6.018046,NA,105,46,18,0.391304347826087,1633.1138916015625,3.849999904632568
82949,16_1_49_82949,49,16,40390401010690,2012,2,2012,195366614020004,1,1,1,45.957834,-115.910784,234.7283,88,0,NA,0,NA,0,NA,450,335.202,65,283,1,NA,6.018046,NA,117,6,0,0,737.88946533203125,8.429999351501465
82974,16_1_49_82974,49,16,5387702010690,2005,2,2005,5387705010690,1,1,1,45.732278,-115.586065,149.7024,70,0,NA,NA,NA,NA,NA,735,288.2158,25,70,1,NA,6.018046,NA,117,32,9,0.28125,835.369873046875,3.7699999809265137
82992,16_1_49_82992,49,16,11803033010690,2006,2,2006,11803036010690,1,1,1,45.816482,-115.391894,175.2538,47,0,NA,NA,NA,NA,NA,735,337.8543,10,293,1,NA,6.018046,NA,117,31,20,0.6451612903225806,830.9046630859375,5.259999752044678
83009,16_1_49_83009,49,16,5387791010690,2005,2,2005,5387794010690,1,1,1,46.357725,-115.118882,45.6766,37,0,NA,NA,NA,NA,NA,670,86.3089,30,295,1,NA,6.018046,NA,105,1,0,0,1508.513671875,4.199999809265137
83021,16_1_49_83021,49,16,40390330010690,2011,2,2011,51041618020004,1,1,1,46.349951,-114.921577,93.175,36,0,NA,0,NA,0,NA,700,175.637,38,176,1,NA,6.018046,NA,117,32,0,0,1495.5052490234375,4.429999828338623
83067,16_1_49_83067,49,16,35371885010690,2009,2,2009,39518175010690,1,2,1,45.721064,-115.144699,0.4089,58,32,2005,0,NA,NA,NA,700,1.883,19,288,1,NA,NA,2005,117,1,1,1,1163.0556640625,2.6499998569488525
83097,16_1_49_83097,49,16,40390361010690,2011,2,2011,51042351020004,1,2,1,46.166822,-114.539378,163.4459,41,0,NA,0,NA,0,NA,670,238.1013,25,14,1,NA,6.018046,NA,117,1,1,1,1636.6192626953125,3.119999885559082
83128,16_1_49_83128,49,16,40390432010690,2011,2,2011,51043785020004,1,1,1,45.824228,-115.904998,68.3256,64,0,NA,0,NA,0,NA,450,112.1155,82,285,1,NA,6.018046,NA,117,2,0,0,701.84649658203125,8.309999465942383
83137,16_1_49_83137,49,16,37275909010690,2010,2,2010,42516298010690,1,2,1,45.730687,-115.77643,129.5276,59,0,NA,0,NA,0,NA,735,214.6102,30,307,1,NA,6.018046,NA,117,3,2,0.6666666666666666,780.38055419921875,4.690000057220459
83248,16_1_49_83248,49,16,31364268010690,2008,2,2008,31364271010690,1,2,1,45.641093,-115.331474,82.1811,47,10,2003,0,NA,NA,NA,670,154.9165,15,250,0.909177,NA,6.018046,NA,117,15,12,0.8,794.10076904296875,3.5899999141693115
83267,16_1_49_83267,49,16,40390421010690,2011,2,2011,51043431020004,1,1,1,45.870518,-115.40028,161.3298,63,0,NA,0,NA,0,NA,700,311.0242,15,188,1,NA,6.018046,NA,117,26,7,0.2692307692307692,862.66656494140625,5.279999732971191
83326,16_1_49_83326,49,16,40390325010690,2011,2,2012,272347757489998,1,2,1,46.389712,-114.722411,31.0264,24,0,NA,0,NA,0,NA,735,75.3306,132,35,1,NA,6.018046,NA,105,1,1,1,1373.6414794921875,2.8499999046325684
83330,16_1_49_83330,49,16,5387851010690,2005,2,2005,5387854010690,1,1,1,45.559653,-115.914329,94.4251,46,0,NA,NA,NA,NA,NA,700,189.2496,40,210,1,NA,6.018046,NA,117,27,2,0.07407407407407407,1231.6910400390625,3.309999942779541
83333,16_1_49_83333,49,16,40390482010690,2011,2,2011,51044992020004,1,2,1,45.562155,-115.713735,16.4903,37,0,NA,0,NA,0,NA,670,26.5606,100,140,1,NA,NA,2005,117,14,12,0.8571428571428571,1155.743408203125,2.700000047683716
83484,16_1_49_83484,49,16,5387901010690,2005,2,2005,5387904010690,1,1,1,45.468008,-116.423321,250.2504,76,0,NA,NA,NA,NA,NA,595,381.2973,43,171,1,NA,6.018046,NA,117,3,1,0.3333333333333333,703.99658203125,7.230000019073486
83498,16_1_49_83498,49,16,35371846010690,2009,2,2009,39518309010690,1,1,1,46.000661,-115.320297,127.4635,85,0,NA,NA,NA,NA,NA,595,196.2327,55,200,1,NA,6.018046,NA,117,1,0,0,909.8970947265624,5.960000038146973
83500,16_1_49_83500,49,16,31364324010690,2008,2,2008,31364327010690,1,2,1,46.407584,-115.50302,94.4905,72,0,NA,NA,NA,NA,NA,735,140.6565,40,40,1,NA,6.018046,2003,105,1,1,1,1547.177001953125,5.309899806976318
83525,16_1_49_83525,49,16,4727530010690,2004,2,2004,4727533010690,1,1,1,45.98837,-114.803687,153.915,74,0,NA,NA,NA,NA,NA,450,190.2369,68,276,1,NA,6.018046,NA,117,7,1,0.14285714285714285,983.3958740234376,6.159999847412109
83536,16_1_49_83536,49,16,37275916010690,2010,2,2010,42517222010690,1,2,1,45.585488,-115.410169,90.3204,58,22,9999,0,NA,0,NA,735,161.8184,14,311,1,NA,6.018046,NA,117,8,8,1,773.6610107421875,2.5899999141693115
83541,16_1_49_83541,49,16,11803305010690,2006,2,2006,11803308010690,1,2,1,45.630807,-115.005666,6.8444,28,0,NA,NA,NA,NA,NA,700,24.2923,55,190,1,NA,6.018046,NA,117,24,18,0.75,1106.8072509765625,3.109999895095825
83588,16_1_49_83588,49,16,4727554010690,2004,2,2004,4727557010690,1,2,1,46.252232,-114.595499,16.1705,33,0,NA,NA,NA,NA,NA,670,47.9823,28,286,1,NA,6.018046,NA,117,7,2,0.2857142857142857,1203.3782958984375,4.089999675750732
83600,16_1_49_83600,49,16,5387968010690,2005,2,2005,5387971010690,1,1,1,45.98457,-115.069845,69.8762,43,0,NA,NA,NA,NA,NA,700,137.404,35,120,1,NA,6.018046,NA,117,23,7,0.30434782608695654,1267.116455078125,3.109999895095825
83601,16_1_57_83601,57,16,35372052010690,2009,2,2009,39521907010690,1,1,1,46.772695,-116.415502,151.0506,63,0,NA,NA,NA,NA,NA,700,288.3484,33,250,1,NA,6.018046,NA,105,20,0,0,890.95819091796875,7.449999809265137
83657,16_1_49_83657,49,16,4727582010690,2004,2,2004,4727585010690,1,1,1,46.267759,-114.993931,134.128,38,0,NA,NA,NA,NA,NA,670,257.0672,55,352,1,NA,6.018046,NA,117,18,0,0,1192.5540771484375,5.769899845123291
83687,16_1_49_83687,49,16,5388020010690,2005,2,2005,5388023010690,1,1,1,46.037351,-114.732812,213.3233,81,0,NA,NA,NA,NA,NA,595,303.6558,31,284,1,NA,6.018046,NA,117,2,0,0,950.8421630859376,6.789999961853027
83712,16_1_49_83712,49,16,31364362010690,2008,2,2008,31364365010690,1,2,1,45.734428,-115.849022,222.3087,41,0,NA,NA,NA,NA,NA,735,338.3273,20,151,1,NA,6.018046,NA,117,4,3,0.75,823.61358642578125,4.449999809265137
83741,16_1_49_83741,49,16,37275917010690,2010,2,2010,42517400010690,1,2,1,45.59289,-115.075096,25.7305,41,0,NA,0,NA,0,NA,700,46.1021,45,65,1,NA,6.018046,2006,117,12,3,0.25,1263.65380859375,2.619999885559082
83759,16_1_79_83759,79,16,37276230010690,2010,2,2010,42530718010690,1,1,1,46.943761,-115.297723,29.294,26,0,NA,0,NA,0,NA,700,65.6921,40,176,1,NA,6.018046,NA,105,10,0,0,1544.7108154296875,4.199999809265137
83831,16_1_49_83831,49,16,5388091010690,2005,2,2005,5388094010690,1,1,1,46.492597,-115.112794,115.2991,48,0,NA,NA,NA,NA,NA,735,226.7799,19,113,1,NA,6.018046,NA,105,5,3,0.6,1363.0596923828125,4.460000038146973
83840,16_1_49_83840,49,16,12280055010690,2007,2,2007,12280058010690,1,1,1,45.67455,-115.006746,112.7931,42,0,NA,NA,NA,NA,NA,670,187.8761,20,340,1,NA,6.018046,NA,117,1,0,0,1114.4739990234375,2.429999828338623
83852,16_1_49_83852,49,16,40390473010690,2012,2,2012,195368579020004,1,2,1,45.596778,-115.840476,66.9853,27,0,NA,0,NA,0,NA,735,132.5599,8,351,1,NA,6.018046,NA,117,1,1,1,1320.59130859375,2.93999981880188
83886,16_1_49_83886,49,16,35371890010690,2009,2,2009,39518611010690,1,1,1,45.688446,-115.258411,89.5301,45,0,NA,NA,NA,NA,NA,700,188.749,15,170,1,NA,6.018046,NA,117,72,26,0.3611111111111111,1097.8089599609375,2.859999895095825
83891,16_1_49_83891,49,16,40390499010690,2011,2,2011,51045863020004,1,1,1,45.471599,-116.236771,130.8272,56,0,NA,0,NA,0,NA,450,178.6901,60,182,1,NA,6.018046,NA,117,2,0,0,836.3861083984375,6.489999771118164
83893,16_1_49_83893,49,16,31364496010690,2008,2,2008,31364499010690,1,2,1,46.57266,-114.845876,117.4367,41,0,NA,NA,NA,NA,NA,700,220.4666,30,196,1,NA,NA,2000,105,20,2,0.1,1559.493408203125,3.619999885559082
83902,16_1_35_83902,35,16,37275711010690,2010,2,2011,50633687020004,1,1,1,46.6285,-115.302272,121.79,56,0,NA,0,NA,0,NA,700,229.055,40,215,1,NA,6.018046,NA,105,36,5,0.1388888888888889,1490.5567626953125,5.440000057220459
83906,16_1_49_83906,49,16,40390531010690,2012,2,2012,195369789020004,1,1,1,45.289354,-116.492157,115.9079,39,22,2011,0,NA,0,NA,735,240.2864,45,303,1,NA,6.018046,NA,117,1,0,0,862.12908935546875,5.480000019073486
83908,16_1_49_83908,49,16,4727741010690,2004,2,2004,4727744010690,1,1,1,45.773188,-115.26409,134.8194,59,12,2002,0,NA,NA,NA,700,303.875,51,120,1,NA,6.018046,NA,117,67,38,0.5671641791044776,965.5799560546876,4.710000038146973
83924,16_1_49_83924,49,16,12280111010690,2007,2,2007,12280114010690,1,1,1,45.692018,-115.851227,155.0783,52,0,NA,NA,NA,NA,NA,700,239.7742,30,213,1,NA,6.018046,NA,117,27,6,0.2222222222222222,818.53594970703125,4.019899845123291
83931,16_1_79_83931,79,16,40391401010690,2012,2,2012,195378735020004,1,1,1,46.9467,-115.614372,65.4049,19,0,NA,0,NA,0,NA,735,127.9485,28,249,1,NA,74.965282,NA,105,2,0,0,1520.91015625,5
84011,16_1_49_84011,49,16,35371865010690,2009,2,2009,39518705010690,1,2,1,45.854765,-114.941027,77.7444,59,0,NA,NA,NA,NA,NA,450,131.4421,30,225,1,NA,6.018046,NA,117,8,2,0.25,1047.9820556640625,4.529999732971191
84025,16_1_49_84025,49,16,37275911010690,2010,2,2010,42516571010690,1,2,1,45.633193,-115.271738,62.303,44,10,2007,0,NA,0,NA,735,138.3721,20,210,1,NA,6.018046,NA,117,24,22,0.9166666666666666,858.0572509765625,3.839999914169311
84082,16_1_49_84082,49,16,4727926010690,2004,2,2004,4727929010690,1,2,1,45.750711,-115.626057,187.0521,54,0,NA,NA,NA,NA,NA,700,406.4443,25,295,1,NA,6.018046,2003,117,87,12,0.13793103448275862,813.80047607421875,4.630000114440918
84163,16_1_49_84163,49,16,5388424010690,2005,2,2005,5388427010690,1,2,1,45.68077,-115.072289,107.6544,49,0,NA,NA,NA,NA,NA,735,191.7896,5,120,1,NA,6.018046,NA,117,5,3,0.6,907.21649169921875,4.659999847412109
84212,16_1_49_84212,49,16,35371911010690,2009,2,2009,39518762010690,1,2,1,45.506127,-115.971924,183.526,61,0,NA,NA,NA,NA,NA,670,303.8272,30,60,1,NA,6.018046,NA,117,5,2,0.4,905.85028076171875,5.559899806976318
84283,16_1_49_84283,49,16,11803654010690,2006,2,2006,11803657010690,1,1,1,45.465028,-115.720894,103.6439,69,0,NA,NA,NA,NA,NA,595,175.4478,85,296,1,NA,6.018046,NA,117,4,0,0,632.01806640625,7.480000019073486
84293,16_1_35_84293,35,16,4723051010690,2004,2,2004,4723054010690,1,1,1,46.412509,-115.701206,103.4722,61,0,NA,NA,NA,NA,NA,770,201.2343,51,270,1,NA,74.965282,NA,105,1,0,0,1219.346435546875,6.149999618530273
84309,16_1_49_84309,49,16,37275899010690,2010,2,2010,42515189010690,1,2,1,45.819517,-115.257647,97.226,49,0,NA,0,NA,0,NA,670,151.5209,15,294,1,NA,6.018046,NA,117,6,5,0.8333333333333334,995.03887939453125,4.539999961853027
84321,16_1_35_84321,35,16,40389898010690,2011,2,2011,51036356020004,1,1,1,46.666498,-114.914673,64.9113,53,12,2007,0,NA,0,NA,700,110.2644,28,300,1,NA,6.018046,NA,105,28,18,0.6428571428571429,1417.9407958984375,4.619999885559082
84345,16_1_49_84345,49,16,37275877010690,2010,2,2010,42513864010690,1,1,1,46.122127,-114.926918,46.8357,51,0,NA,0,NA,0,NA,450,88.2452,62,158,1,NA,6.018046,NA,117,14,1,0.07142857142857142,821.40606689453125,8.260000228881836
84348,16_1_49_84348,49,16,37275915010690,2010,2,2010,42517098010690,1,2,1,45.599541,-115.725868,142.3617,47,0,NA,0,NA,0,NA,735,255.8294,65,220,1,NA,6.018046,NA,117,2,2,1,1132.6683349609375,2.3499999046325684
84404,16_1_49_84404,49,16,31364686010690,2008,2,2008,31364689010690,1,1,1,46.311963,-114.986931,137.9534,44,0,NA,NA,NA,NA,NA,670,245.8109,15,55,1,NA,6.018046,NA,117,10,1,0.1,1879.3187255859375,2.8899998664855957
84460,16_1_49_84460,49,16,37275939010690,2010,2,2010,42519257010690,1,1,1,46.462923,-114.939958,263.7063,58,0,NA,0,NA,0,NA,735,462.3106,78,53,1,NA,6.018046,NA,105,1,0,0,939.3306884765624,6.349999904632568
84476,16_1_49_84476,49,16,35371791010690,2009,2,2009,39519080010690,1,2,1,46.568288,-114.456505,69.486,38,20,2005,0,NA,NA,NA,670,124.8601,70,8,1,NA,6.018046,NA,105,1,1,1,1486.51416015625,2.8899998664855957
84485,16_1_35_84485,35,16,5382811010690,2005,2,2005,5382814010690,1,1,1,46.538224,-115.624491,42.2767,24,0,NA,NA,NA,NA,NA,735,84.4494,70,343,1,NA,6.018046,NA,105,1,0,0,1360.4300537109375,6.37999963760376
84532,16_1_49_84532,49,16,40390470010690,2012,2,2012,195368318020004,1,1,1,45.63815,-115.20339800000001,75.2892,44,52,2009,0,NA,0,NA,670,136.2747,22,330,1,NA,6.018046,NA,117,23,19,0.8260869565217391,1169.623046875,2.8999998569488525
84534,16_1_49_84534,49,16,5388540010690,2005,2,2005,5388543010690,1,2,1,45.689314,-115.90649,232.1893,80,0,NA,NA,NA,NA,NA,595,386.3484,20,311,1,NA,6.018046,NA,117,15,2,0.13333333333333333,944.4863891601564,4.739999771118164
84540,16_1_49_84540,49,16,37275869010690,2010,2,2010,42512847010690,1,1,1,46.301013,-114.599006,95.4785,40,0,NA,0,NA,0,NA,700,182.7353,7,20,1,NA,6.018046,NA,105,23,3,0.13043478260869565,1262.284423828125,3.649999856948853
84589,16_1_49_84589,49,16,40390442010690,2012,2,2012,195367741020004,1,2,1,45.774809,-115.335101,248.8854,61,0,NA,0,NA,0,NA,735,312.0051,34,26,1,NA,6.018046,NA,117,1,1,1,826.6392822265625,5.25
84593,16_1_49_84593,49,16,31364773010690,2008,2,2008,31364776010690,1,1,1,46.439361,-114.849008,165.703,76,0,NA,NA,NA,NA,NA,595,268.7879,60,160,1,NA,6.018046,NA,105,17,7,0.4117647058823529,1191.650634765625,4.989999771118164
84654,16_1_49_84654,49,16,40390319010690,2012,2,2012,195365012020004,1,2,1,46.480511,-114.52383,112.3501,73,0,NA,0,NA,0,NA,595,175.2259,45,320,1,NA,6.018046,NA,105,2,2,1,1156.0421142578125,4.199999809265137
84662,16_1_49_84662,49,16,5388653010690,2005,2,2005,5388656010690,1,2,1,46.223774,-115.25209,111.5044,50,0,NA,NA,NA,NA,NA,670,215.3612,10,313,1,NA,6.018046,NA,105,5,1,0.2,1503.28955078125,3.9699997901916504
84669,16_1_49_84669,49,16,31703304010690,2005,2,2005,31703305010690,1,1,1,45.734324,-116.104637,103.957,63,0,NA,NA,NA,NA,NA,450,168.277,20,169,1,NA,6.018046,NA,117,30,0,0,777.848876953125,6.399999618530273
84674,16_1_35_84674,35,16,40389887010690,2012,2,2012,195359667020004,1,2,1,46.723558,-115.431852,205.8685,24,0,NA,0,NA,0,NA,735,351.8397,20,196,1,NA,6.018046,NA,105,2,2,1,1670.9564208984375,4.659999847412109
84684,16_1_49_84684,49,16,4728182010690,2004,2,2004,4728185010690,1,2,1,45.910483,-115.338932,87.1721,62,22,2002,0,NA,NA,NA,670,154.6559,20,343,1,NA,6.018046,NA,117,31,19,0.6129032258064516,1099.9527587890625,4.150000095367432
84726,16_1_35_84726,35,16,4723114010690,2004,2,2004,4723117010690,1,1,1,46.626195,-115.179415,153.0199,79,0,NA,NA,NA,NA,NA,595,247.9592,64,13,1,NA,6.018046,NA,105,4,2,0.5,1471.7674560546875,5.039999961853027
84742,16_1_35_84742,35,16,11797862010690,2006,2,2006,11797865010690,1,1,1,46.620747,-114.78109,34.5981,35,0,NA,NA,NA,NA,NA,670,68.66,20,65,1,NA,6.018046,NA,105,11,5,0.4545454545454546,1847.753173828125,3.1999998092651367
84754,16_1_49_84754,49,16,12280386010690,2007,2,2008,12280388010690,1,2,1,46.215567,-114.861154,115.1026,81,0,NA,NA,NA,NA,NA,595,169.4729,85,270,1,NA,NA,2003,117,2,2,1,926.6177978515624,7.359999656677246
84792,16_1_49_84792,49,16,11803851010690,2006,2,2006,11803854010690,1,1,1,45.732365,-115.910168,231.3876,39,0,NA,NA,NA,NA,NA,735,459.5382,40,280,1,NA,6.018046,NA,117,14,1,0.07142857142857142,785.865966796875,6.210000038146973
84802,16_1_49_84802,49,16,31364828010690,2008,2,2008,31364831010690,1,2,1,45.774079,-115.132176,124.3613,62,0,NA,NA,NA,NA,NA,700,240.9167,20,115,1,NA,6.018046,NA,117,61,24,0.39344262295081966,1062.671875,3.43999981880188
84806,16_1_35_84806,35,16,37275701010690,2010,2,2011,50633596020004,1,1,1,46.894856,-115.170551,106.2116,46,0,NA,0,NA,0,NA,670,182.3729,60,313,1,NA,6.018046,NA,105,2,0,0,1437.875244140625,4.659999847412109
84843,16_1_49_84843,49,16,4728253010690,2004,2,2004,4728256010690,1,2,1,45.592683,-115.594159,108.2803,27,0,NA,NA,NA,NA,NA,735,223.3001,16,169,1,NA,6.018046,NA,117,1,1,1,926.777587890625,2.1499998569488525
84929,16_1_35_84929,35,16,31359126010690,2008,2,2008,31359129010690,1,1,1,46.743402,-115.209225,16.0435,NA,0,NA,NA,NA,NA,NA,735,43.9944,26,75,1,NA,6.018046,NA,105,1,0,0,1560.9136962890625,4.71999979019165
84952,16_1_35_84952,35,16,31359153010690,2008,2,2008,31359156010690,1,1,1,46.620217,-115.029146,62.2864,45,0,NA,NA,NA,NA,NA,735,115.1909,42,338,1,NA,6.018046,NA,105,5,0,0,1453.7716064453125,4.730000019073486
84990,16_1_49_84990,49,16,40390448010690,2013,2,2013,273510338489998,1,1,1,45.726644,-115.336867,32.6956,44,12,2008,0,NA,0,NA,700,67.8108,42,65,1,NA,6.018046,NA,117,32,17,0.53125,704.032470703125,5.289999961853027
85001,16_1_35_85001,35,16,12275259010690,2007,2,2007,12275262010690,1,1,1,46.673461,-115.037662,87.7821,63,0,NA,NA,NA,NA,NA,700,142.8291,38,272,0.924715,NA,6.018046,NA,105,19,4,0.21052631578947367,1201.19189453125,5.489999771118164
85020,16_1_49_85020,49,16,37275914010690,2010,2,2010,42516938010690,1,1,1,45.609197,-115.92187,114.003,35,0,NA,0,NA,0,NA,700,230.7901,20,290,1,NA,6.018046,NA,117,26,4,0.15384615384615383,1310.0889892578125,2.2699999809265137
85030,16_1_49_85030,49,16,5388749010690,2005,2,2005,5388752010690,1,1,1,45.495566,-115.389017,118.4438,27,0,NA,NA,NA,NA,NA,735,239.0531,36,111,1,NA,6.018046,NA,117,4,0,0,744.3946533203125,4.829999923706055
85127,16_1_49_85127,49,16,35371792010690,2009,2,2009,39519431010690,1,1,1,46.534983,-115.163886,116.754,51,0,NA,NA,NA,NA,NA,670,208.8318,40,28,1,NA,6.018046,NA,105,15,6,0.4,1585.39697265625,4.699999809265137
85235,16_1_49_85235,49,16,40390441010690,2012,2,2012,195367622020004,1,1,1,45.776652,-115.523633,216.5631,26,0,NA,0,NA,0,NA,735,382.3015,35,174,1,NA,6.018046,NA,117,2,1,0.5,797.5291748046875,5.369999885559082
85263,16_1_49_85263,49,16,40390462010690,2013,2,2013,273514171489998,1,2,1,45.684607,-115.146375,148.8334,42,0,NA,0,NA,0,NA,670,272.6799,25,357,1,NA,6.018046,2006,117,5,5,1,1221.4940185546875,3.009899854660034
85265,16_1_35_85265,35,16,37275703010690,2010,2,2010,42504829010690,1,1,1,46.801748,-114.974594,45.8823,55,0,NA,0,NA,0,NA,735,89.7778,25,235,1,NA,6.018046,NA,105,8,0,0,1511.95361328125,4.389999866485596
85269,16_1_49_85269,49,16,37275900010690,2010,2,2010,42515323010690,1,1,1,45.813222,-114.946623,133.5796,53,0,NA,0,NA,0,NA,735,308.1075,55,265,1,NA,6.018046,NA,117,7,0,0,904.56585693359375,5.119999885559082
85330,16_1_49_85330,49,16,40390466010690,2013,2,2013,273525423489998,1,2,1,45.649113,-116.164443,0,NA,30,2012,0,NA,0,NA,450,0,46,233,1,NA,6.018046,2012,117,10,10,1,796.339599609375,5.909999847412109
85336,16_1_49_85336,49,16,37275876010690,2010,2,2012,195265644020004,1,1,1,46.123318,-115.238815,41.8968,58,0,NA,0,NA,0,NA,595,84.2218,48,111,1,NA,6.018046,NA,117,3,0,0,1052.058837890625,5.739999771118164
85342,16_1_35_85342,35,16,35371510010690,2009,2,2009,39513500010690,1,1,1,46.666799,-114.973721,152.3439,58,0,NA,NA,NA,NA,NA,700,224.5805,38,86,1,NA,6.018046,NA,105,18,2,0.1111111111111111,1334.7371826171875,4.889999866485596
85344,16_1_49_85344,49,16,5389114010690,2005,2,2005,5389117010690,1,1,1,45.858227,-115.070778,129.3618,53,0,NA,NA,NA,NA,NA,700,236.2002,40,280,1,NA,6.018046,NA,117,34,0,0,1055.192626953125,4.259999752044678
85349,16_1_35_85349,35,16,37275712010690,2010,2,2010,42506010010690,1,1,1,46.626577,-114.976197,85.9049,52,0,NA,0,NA,0,NA,700,152.407,15,270,1,NA,6.018046,NA,105,24,1,0.04166666666666666,1524.99609375,4.289999961853027
85396,16_1_49_85396,49,16,40390558010690,2011,2,2012,51047157020004,1,1,1,46.053368,-114.735706,126.1185,73,0,NA,0,NA,0,NA,450,210.6691,55,140,1,NA,6.018046,NA,117,5,1,0.2,950.8421630859376,6.789999961853027
85413,16_1_79_85413,79,16,40391402010690,2012,2,2012,195378801020004,1,2,1,46.942741,-115.227185,150.9491,56,22,9999,0,NA,0,NA,670,278.1142,15,34,1,NA,6.018046,2005,105,1,1,1,1582.8668212890625,3.849999904632568
85429,16_1_49_85429,49,16,31365239010690,2008,2,2008,31365242010690,1,2,1,45.958437000000004,-115.641091,158.8985,59,0,NA,NA,NA,NA,NA,735,312.2135,60,70,1,NA,6.018046,NA,117,32,23,0.71875,911.55218505859375,5.289999961853027
85437,16_1_49_85437,49,16,4728539010690,2004,2,2004,4728542010690,1,2,1,45.77628,-115.774104,137.7095,30,0,NA,NA,NA,NA,NA,735,235.6761,20,272,1,NA,6.018046,2003,117,9,7,0.7777777777777778,722.35406494140625,6.539999961853027
85445,16_1_49_85445,49,16,40390403010690,2012,2,2012,195366749020004,1,1,1,45.942293,-115.186005,310.4472,50,0,NA,0,NA,0,NA,735,504.4118,48,320,1,NA,6.018046,NA,117,3,0,0,1026.7828369140625,4.549999713897705
85515,16_1_49_85515,49,16,35371907010690,2009,2,2009,39519520010690,1,1,1,45.551469,-115.463519,35.7603,44,10,2004,0,NA,NA,NA,700,71.6624,30,130,1,NA,6.018046,NA,117,24,7,0.2916666666666667,705.7445068359375,2.8899998664855957
85590,16_1_49_85590,49,16,40390461010690,2011,2,2011,51044598020004,1,2,1,45.671949,-115.197122,119.7364,42,52,2011,0,NA,0,NA,670,191.2304,10,320,1,NA,6.018046,NA,117,1,1,1,1235.7769775390625,2.9800000190734863
85596,16_1_49_85596,49,16,5389221010690,2005,2,2005,5389224010690,1,2,1,45.860518,-115.263661,77.8632,53,0,NA,NA,NA,NA,NA,735,136.0421,45,139,1,NA,6.018046,2003,117,28,17,0.6071428571428571,810.2113037109375,6.239999771118164
85599,16_1_35_85599,35,16,40389899010690,2013,2,2013,273512089489998,1,1,1,46.664115,-114.850538,152.2318,48,12,9999,0,NA,0,NA,700,291.1819,40,240,1,NA,6.018046,NA,105,76,21,0.27631578947368424,2015.8973388671875,2.619999885559082
85648,16_1_35_85648,35,16,37275707010690,2010,2,2010,42505302010690,1,1,1,46.753665,-114.777001,88.2673,46,12,2007,0,NA,0,NA,700,177.9231,22,131,1,NA,6.018046,NA,105,40,7,0.175,1619.002197265625,3.90999984741211
85713,16_1_49_85713,49,16,12280467010690,2007,2,2007,12280470010690,1,2,1,45.551466,-115.528006,85.7582,50,0,NA,NA,NA,NA,NA,670,161.3016,65,57,1,NA,6.018046,NA,117,5,3,0.6,777.0321655273436,2.619999885559082
85715,16_1_49_85715,49,16,4728713010690,2004,2,2004,4728716010690,1,1,1,45.64135,-115.457951,135.6006,49,12,9999,0,NA,NA,NA,670,257.0678,47,49,1,NA,6.018046,NA,117,25,6,0.24,868.24359130859375,1.9899998903274536
85720,16_1_9_85720,9,16,31352895010690,2008,2,2008,31352898010690,1,1,1,47.047609,-116.611117,78.8288,NA,0,NA,NA,NA,NA,NA,595,170.2354,35,278,1,NA,6.018046,NA,105,4,1,0.25,988.57476806640625,7.149999618530273
85725,16_1_49_85725,49,16,31365406010690,2008,2,2008,31365409010690,1,1,1,46.091298,-115.20269,24.9938,38,0,NA,NA,NA,NA,NA,450,49.3222,75,260,1,NA,6.018046,NA,117,4,0,0,935.9046630859376,6.789999961853027
85742,16_1_49_85742,49,16,35371949010690,2009,2,2010,42491376010690,1,1,1,46.372413,-115.159549,220.8315,63,0,NA,0,NA,0,NA,700,439.8026,16,301,1,NA,6.018046,NA,105,54,6,0.1111111111111111,1389.6351318359375,4.759999752044678
85789,16_1_49_85789,49,16,4728825010690,2004,2,2004,4728828010690,1,1,1,45.45857,-115.464382,73.3132,49,0,NA,NA,NA,NA,NA,450,93.3528,75,177,1,NA,6.018046,NA,117,1,0,0,683.50115966796875,5.769899845123291
85797,16_1_35_85797,35,16,40389862010690,2012,2,2012,195358598020004,1,2,1,46.891342,-115.104061,55.1136,58,12,9999,0,NA,0,NA,700,100.0862,55,145,1,NA,6.018046,2005,105,28,13,0.4642857142857143,1126.623046875,5.099999904632568
85802,16_1_35_85802,35,16,40389911010690,2012,2,2012,195360213020004,1,1,1,46.576402,-115.032251,195.0679,45,12,2011,0,NA,0,NA,700,376.9762,17,323,1,NA,6.018046,NA,105,91,11,0.12087912087912088,1342.5052490234375,4.679999828338623
85821,16_1_49_85821,49,16,40390481010690,2013,2,2013,273514361489998,1,1,1,45.55593,-115.970709,86.7064,39,0,NA,0,NA,0,NA,735,164.9286,14,287,1,NA,6.018046,NA,117,23,10,0.43478260869565216,1297.0169677734375,3.3399999141693115
85838,16_1_57_85838,57,16,12282751010690,2007,2,2007,12282754010690,1,1,1,46.999274,-116.674876,130.9918,60,0,NA,NA,NA,NA,NA,735,180.05,2,0,1,NA,6.018046,NA,105,2,0,0,763.1402587890625,7.949999809265137
85848,16_1_35_85848,35,16,40389889010690,2013,2,2013,273511588489998,1,2,1,46.710686,-115.037693,151.3541,71,0,NA,0,NA,0,NA,595,257.8747,60,53,1,NA,6.018046,NA,105,5,4,0.8,1197.923828125,5.569999694824219
85862,16_1_35_85862,35,16,12275375010690,2007,2,2007,12275378010690,1,2,2,46.701436,-114.904051,NA,NA,31,2004,0,NA,NA,NA,0,NA,NA,NA,1,NA,6.018046,2004,105,1,1,1,1251.025634765625,5.089999675750732
86001,16_1_35_86001,35,16,5382971010690,2005,2,2005,5382974010690,1,1,1,46.718579,-115.296428,252.7238,83,0,NA,NA,NA,NA,NA,595,390.123,25,12,1,NA,6.018046,NA,105,2,0,0,1299.7164306640625,6.029999732971191
86004,16_1_49_86004,49,16,40390500010690,2012,2,2012,195369077020004,1,1,1,45.469137,-116.174989,168.3963,83,0,NA,0,NA,0,NA,595,220.1871,42,356,1,NA,6.018046,NA,117,3,0,0,653.64947509765625,8.229999542236328
86017,16_1_49_86017,49,16,40390570010690,2013,2,2013,273533922489998,1,1,1,45.495223,-116.154438,156.3824,74,0,NA,0,NA,0,NA,595,230.2229,62,286,1,NA,6.018046,NA,117,4,0,0,937.58526611328125,6.089999675750732
86043,16_1_35_86043,35,16,11798060010690,2006,2,2006,11798063010690,1,1,1,46.582226,-115.240781,151.3758,50,0,NA,NA,NA,NA,NA,700,303.6079,20,241,1,NA,6.018046,NA,105,44,2,0.04545454545454545,1762.7293701171875,4.339999675750732
86060,16_1_49_86060,49,16,40390348010690,2011,2,2011,51041970020004,1,1,1,46.209148,-114.73135,114.1436,56,0,NA,0,NA,0,NA,735,228.2495,44,126,1,NA,74.965282,NA,117,1,0,0,997.36358642578125,6.359999656677246
86061,16_1_49_86061,49,16,35371955010690,2009,2,2009,39519692010690,1,1,1,46.032423,-115.807532,91.6617,65,0,NA,NA,NA,NA,NA,595,150.9292,65,240,1,NA,6.018046,NA,117,2,0,0,760.256103515625,8.550000190734863
86124,16_1_49_86124,49,16,40390483010690,2013,2,2013,273522913489998,1,2,1,45.553896,-115.654325,67.5943,30,0,NA,0,NA,0,NA,735,145.8423,66,284,1,NA,6.018046,NA,117,20,3,0.15,1117.7484130859375,2.4700000286102295
86167,16_1_49_86167,49,16,4728896010690,2004,2,2004,4728899010690,1,1,1,46.129348,-115.11732,107.2663,52,0,NA,NA,NA,NA,NA,670,159.8393,21,106,1,NA,6.018046,NA,117,1,0,0,969.58038330078125,6.029999732971191
86172,16_1_49_86172,49,16,37275863010690,2010,2,2010,42512349010690,1,2,1,46.443945,-114.783096,44.9165,53,0,NA,0,NA,0,NA,700,94.1791,60,115,1,NA,6.018046,NA,105,9,1,0.1111111111111111,1340.463623046875,3.5
86175,16_1_49_86175,49,16,12280607010690,2007,2,2007,12280610010690,1,2,1,46.488306,-115.04187400000001,309.6361,76,0,NA,NA,NA,NA,NA,595,474.5054,65,68,1,NA,6.018046,NA,105,1,1,1,1063.172119140625,5.799999713897705
86202,16_1_49_86202,49,16,40390417010690,2012,2,2012,195367165020004,1,1,1,45.864105,-115.772793,265.3853,80,0,NA,0,NA,0,NA,595,369.7015,49,214,1,NA,6.018046,NA,117,3,1,0.3333333333333333,927.0247802734376,5.549999713897705
86237,16_1_49_86237,49,16,4728957010690,2004,2,2004,4728960010690,1,1,1,45.603982,-116.104167,170.8491,83,0,NA,NA,NA,NA,NA,450,241.5071,50,105,1,NA,6.018046,NA,117,11,2,0.18181818181818185,1040.1036376953125,4.420000076293945
86285,16_1_57_86285,57,16,35372042010690,2009,2,2009,39521997010690,1,1,1,46.9623,-116.752086,35.9001,29,0,NA,NA,NA,NA,NA,450,85.5943,33,160,0.945787,NA,6.018046,NA,105,14,0,0,800.7445068359375,7.689999580383301
86357,16_1_49_86357,49,16,35371820010690,2009,2,2009,39519805010690,1,1,1,46.213853,-114.795808,118.2739,61,0,NA,NA,NA,NA,NA,595,167.7311,55,235,1,NA,6.018046,NA,117,4,0,0,959.5767822265624,7.269999980926514
86368,16_1_57_86368,57,16,4731407010690,2004,2,2004,4731410010690,1,1,1,47.027427,-116.769707,71.4594,60,0,NA,NA,NA,NA,NA,645,167.3497,40,285,1,NA,74.965282,NA,105,7,0,0,901.5968017578124,7.329999923706055
86379,16_1_35_86379,35,16,11798226010690,2006,2,2006,11798229010690,1,1,1,46.805433,-115.099631,31.6746,NA,80,9999,0,NA,NA,NA,670,59.7454,30,168,1,NA,6.018046,NA,105,3,0,0,1211.0716552734375,5.400000095367432
86385,16_1_49_86385,49,16,5389552010690,2005,2,2005,5389555010690,1,1,1,45.663894,-115.757778,270.3964,65,0,NA,NA,NA,NA,NA,700,574.3962,5,227,1,NA,6.018046,NA,117,141,5,0.03546099290780142,940.7265625,2.3899998664855957
86402,16_1_49_86402,49,16,40390480010690,2012,2,2012,195368888020004,1,2,1,45.552662,-116.042386,97.3023,52,12,2011,12,2010,0,NA,700,191.0712,38,71,1,NA,6.018046,2011,117,59,40,0.6779661016949152,991.4693603515624,4.650000095367432
86405,16_1_35_86405,35,16,5383156010690,2005,2,2005,5383159010690,1,2,1,46.802219,-115.164264,84.7741,53,0,NA,NA,NA,NA,NA,595,139.7241,70,241,1,NA,NA,2003,105,10,6,0.6,1518.16650390625,4.989999771118164
86440,16_1_49_86440,49,16,5389762010690,2005,2,2005,5389765010690,1,1,1,46.488077,-114.785095,127.9065,64,0,NA,NA,NA,NA,NA,700,235.6433,30,38,1,NA,6.018046,NA,105,41,23,0.5609756097560976,975.7952880859376,5.920000076293945
86539,16_1_49_86539,49,16,4729068010690,2004,2,2004,4729071010690,1,1,1,46.407163,-115.313196,100.2471,53,0,NA,NA,NA,NA,NA,700,170.5025,45,286,1,NA,6.018046,NA,105,10,2,0.2,1624.173583984375,4.369999885559082
86551,16_1_49_86551,49,16,40390485010690,2013,2,2013,273514467489998,1,2,1,45.548088,-115.337031,0,65,30,2010,0,NA,0,NA,595,0,50,101,1,NA,NA,2010,117,9,9,1,702.09027099609375,5.62999963760376
86559,16_1_49_86559,49,16,40390411010690,2013,2,2013,273530058489998,1,1,1,45.903173,-115.001918,64.779,30,12,2010,0,NA,0,NA,700,134.4336,21,254,1,NA,6.018046,NA,117,50,21,0.42,1276.9866943359375,3.3999998569488525
86590,16_1_49_86590,49,16,11804107010690,2006,2,2006,11804110010690,1,1,1,46.435109,-114.588348,108.8638,34,0,NA,NA,NA,NA,NA,670,203.9377,10,60,1,NA,6.018046,NA,105,7,3,0.42857142857142855,1162.202880859375,4.049999713897705
86612,16_1_49_86612,49,16,40390547010690,2011,2,2011,51046910020004,1,1,1,46.542991,-114.748888,266.7325,30,0,NA,0,NA,0,NA,735,438.1947,66,353,1,NA,6.018046,NA,105,1,0,0,977.766845703125,5.609999656677246
86616,16_1_49_86616,49,16,11804174010690,2006,2,2006,11804177010690,1,1,1,46.582977,-114.899145,50.3548,61,0,NA,NA,NA,NA,NA,700,86.651,45,330,1,NA,6.018046,NA,105,12,4,0.3333333333333333,1422.2862548828125,4.369999885559082
86628,16_1_49_86628,49,16,11804207010690,2006,2,2007,11804210010690,1,1,1,46.438961,-114.918953,212.5102,59,0,NA,NA,NA,NA,NA,595,388.0428,65,270,1,NA,6.018046,NA,105,5,0,0,995.53924560546875,6.009999752044678
86649,16_1_49_86649,49,16,4729128010690,2004,2,2004,4729131010690,1,1,1,45.468456,-116.107349,181.7161,62,0,NA,NA,NA,NA,NA,595,321.3742,53,52,0.976588,NA,6.018046,NA,117,10,1,0.1,810.0653076171875,6.21999979019165
86719,16_1_49_86719,49,16,35371970010690,2009,2,2009,39519920010690,1,1,1,45.362865,-116.453547,86.7363,72,0,NA,NA,NA,NA,NA,450,128.3776,65,155,1,NA,6.018046,NA,117,3,0,0,858.35369873046875,5.190000057220459
86749,16_1_49_86749,49,16,37275882010690,2010,2,2010,42514158010690,1,1,1,46.085227,-115.125017,138.6429,63,0,NA,0,NA,0,NA,595,228.0884,60,330,1,NA,6.018046,NA,117,4,1,0.25,845.0133056640625,8.3899993896484375
86767,16_1_49_86767,49,16,40390419010690,2013,2,2013,273507879489998,1,1,1,45.866621,-115.644705,84.3043,57,0,NA,0,NA,0,NA,595,172.6288,34,23,1,NA,6.018046,NA,117,5,0,0,791.57855224609375,5.609999656677246
86788,16_1_49_86788,49,16,35371826010690,2009,2,2009,39519946010690,1,2,1,46.170006,-114.605296,120.6837,54,0,NA,NA,NA,NA,NA,670,227.09,15,177,1,NA,6.018046,2003,117,19,6,0.3157894736842105,1373.01611328125,3.649999856948853
86817,16_1_79_86817,79,16,31372992010690,2008,2,2008,31372995010690,1,2,1,46.945468,-115.038796,63.9814,52,0,NA,NA,NA,NA,NA,735,128.9346,60,50,1,NA,6.018046,2006,105,7,4,0.5714285714285714,1682.52392578125,3.7899999618530273
86839,16_1_49_86839,49,16,31365631010690,2008,2,2008,31365634010690,1,1,1,46.125335,-114.666522,28.2393,51,0,NA,NA,NA,NA,NA,595,43.7216,68,261,1,NA,74.965282,NA,117,1,0,0,1272.40185546875,4.119999885559082
86879,16_1_49_86879,49,16,12281021010690,2007,2,2007,12281024010690,1,1,1,46.322839,-115.70833,152.4382,46,0,NA,NA,NA,NA,NA,735,296.6764,26,87,1,NA,6.018046,NA,105,2,0,0,1157.7957763671875,6.730000019073486
86911,16_1_49_86911,49,16,35371889010690,2009,2,2009,39520069010690,1,2,1,45.693624,-115.77585,182.2313,48,0,NA,NA,NA,NA,NA,700,322.3048,15,175,1,NA,6.018046,NA,117,33,4,0.12121212121212122,823.67718505859375,3.5399999618530273
86912,16_1_49_86912,49,16,5390089010690,2005,2,2005,5390092010690,1,2,1,46.033937,-114.933161,126.1182,40,0,NA,NA,NA,NA,NA,595,246.3497,50,116,1,NA,6.018046,NA,117,9,5,0.5555555555555556,994.60406494140625,5.62999963760376
86987,16_1_49_86987,49,16,4729313010690,2004,2,2004,4729316010690,1,1,1,45.950448,-115.126959,57.7047,39,0,NA,NA,NA,NA,NA,735,104.0818,24,31,1,NA,6.018046,NA,117,1,0,0,1183.0142822265625,3.740000009536743
87013,16_1_57_87013,57,16,31368015010690,2008,2,2008,31368018010690,1,1,1,46.866065,-116.602536,165.2664,41,0,NA,NA,NA,NA,NA,735,267.3066,34,32,1,NA,6.018046,NA,105,1,0,0,985.9779052734376,7.119999885559082
87025,16_1_49_87025,49,16,4729357010690,2004,2,2004,4729360010690,1,2,1,46.127977,-114.799074,0,30,0,NA,NA,NA,NA,NA,735,0,26,103,1,NA,6.018046,NA,117,9,9,1,1336.4691162109375,3.759999990463257
87034,16_1_49_87034,49,16,37275918010690,2010,2,2010,42517466010690,1,1,1,45.561759,-116.417367,63.5629,73,31,2007,0,NA,0,NA,450,113.4569,15,112,1,NA,6.018046,NA,117,22,3,0.13636363636363635,652.6065673828125,6.980000019073486
87036,16_1_57_87036,57,16,11806294010690,2006,2,2006,11806297010690,1,2,1,46.909518,-116.47619,141.7553,55,0,NA,NA,NA,NA,NA,735,288.0745,15,275,1,NA,6.018046,NA,105,30,13,0.43333333333333335,909.45574951171875,7.460000038146973
87059,16_1_49_87059,49,16,12281110010690,2007,2,2007,12281113010690,1,1,1,45.672783,-115.68502,183.1592,38,0,NA,NA,NA,NA,NA,700,359.0419,45,236,1,NA,6.018046,NA,117,42,2,0.04761904761904761,1237.8675537109375,1.8399999141693115
87139,16_1_49_87139,49,16,5390162010690,2005,2,2005,5390165010690,1,1,1,46.348839,-114.791782,176.6517,47,0,NA,NA,NA,NA,NA,670,315.5307,9,346,0.964636,NA,6.018046,NA,105,10,3,0.3,1415.0208740234375,3.049999952316284
87144,16_1_49_87144,49,16,35371895010690,2009,2,2009,39520175010690,1,1,1,45.642236,-115.978386,169.7929,55,46,2009,0,NA,NA,NA,700,289.7786,25,150,1,NA,6.018046,NA,117,32,8,0.25,1272.7967529296875,2.700000047683716
87181,16_1_49_87181,49,16,35371807010690,2009,2,2009,39520279010690,1,1,1,46.353282,-114.652764,127.2416,40,0,NA,NA,NA,NA,NA,670,263.3733,20,30,1,NA,6.018046,NA,105,9,1,0.1111111111111111,1282.9334716796875,3.319999933242798
87184,16_1_49_87184,49,16,5390243010690,2005,2,2005,5390246010690,1,2,1,46.526848,-114.464779,150.6583,37,0,NA,NA,NA,NA,NA,735,268.4556,18,30,1,NA,6.018046,NA,105,20,7,0.35,1328.0399169921875,3.6999998092651367
87200,16_1_49_87200,49,16,40390310010690,2011,2,2011,51041131020004,1,2,1,46.560844,-114.393539,0,22,30,2007,0,NA,0,NA,735,0,28,165,1,NA,6.018046,NA,105,4,4,1,1537.2862548828125,2.93999981880188
87217,16_1_35_87217,35,16,35371509010690,2009,2,2010,42490724010690,1,1,1,46.675276,-115.49951,90.8389,67,0,NA,0,NA,0,NA,700,156.3447,15,209,1,NA,6.018046,NA,105,48,27,0.5625,1394.16943359375,5.96999979019165
87312,16_1_49_87312,49,16,40390457010690,2011,2,2011,51044339020004,1,1,1,45.683361,-115.721401,120.4399,30,0,NA,0,NA,0,NA,735,249.055,46,116,1,NA,6.018046,NA,117,21,2,0.09523809523809525,953.848876953125,2.7899999618530273
87320,16_1_49_87320,49,16,40390321010690,2012,2,2012,195365117020004,1,2,1,46.446578,-115.247049,133.365,59,0,NA,0,NA,0,NA,670,218.258,20,243,1,NA,6.018046,2011,105,10,1,0.1,1601.94482421875,4.519899845123291
87331,16_1_49_87331,49,16,11804577010690,2006,2,2006,11804580010690,1,1,1,45.947537,-115.067533,71.4594,47,0,NA,NA,NA,NA,NA,700,137.624,20,250,1,NA,6.018046,NA,117,23,3,0.13043478260869565,1280.43798828125,3.0399999618530273
87354,16_1_49_87354,49,16,40390343010690,2012,2,2012,195365845020004,1,1,1,46.258247,-114.665086,215.1859,67,0,NA,0,NA,0,NA,670,319.0095,15,144,1,NA,6.018046,NA,117,1,0,0,1129.7926025390625,4.859999656677246
87383,16_1_49_87383,49,16,40390494010690,2011,2,2011,51045636020004,1,2,1,45.509147,-115.521622,154.749,32,0,NA,0,NA,0,NA,595,244.7182,80,74,1,NA,6.018046,2008,117,1,1,1,714.97125244140625,3.740000009536743
87401,16_1_49_87401,49,16,31365727010690,2008,2,2008,31365730010690,1,1,1,45.644442,-115.653432,100.3532,33,0,NA,NA,NA,NA,NA,670,173.7644,55,70,1,NA,6.018046,NA,117,3,0,0,1257.689697265625,1.5899999141693115
87441,16_1_49_87441,49,16,40390311010690,2011,2,2011,51041194020004,1,1,1,46.535121,-115.114602,136.5219,46,0,NA,0,NA,0,NA,670,293.9465,12,230,1,NA,6.018046,NA,105,19,2,0.10526315789473684,1337.9757080078125,5.029999732971191
87445,16_1_35_87445,35,16,31359323010690,2008,2,2008,31359326010690,1,1,1,46.712601,-116.2411,60.2423,92,0,NA,NA,NA,NA,NA,595,146.6684,18,299,1,NA,6.018046,NA,105,18,1,0.05555555555555555,846.0999755859375,8.229999542236328
87449,16_1_57_87449,57,16,11806379010690,2006,2,2006,11806382010690,1,1,1,47.016086,-116.684258,52.6554,44,0,NA,NA,NA,NA,NA,700,131.7404,49,64,1,NA,6.018046,NA,105,18,0,0,763.1402587890625,7.949999809265137
87466,16_1_49_87466,49,16,12281232010690,2007,2,2007,12281235010690,1,1,1,46.220706,-115.181578,74.5756,22,0,NA,NA,NA,NA,NA,735,164.8571,45,208,1,NA,6.018046,NA,105,1,0,0,1678.8189697265625,3.1399998664855957
87515,16_1_49_87515,49,16,40390324010690,2012,2,2012,195365372020004,1,1,1,46.393764,-115.051414,209.0273,54,0,NA,0,NA,0,NA,670,333.0204,13,121,1,NA,6.018046,NA,105,2,0,0,1284.3131103515625,4.779999732971191
87551,16_1_35_87551,35,16,4723476010690,2004,2,2004,4723479010690,1,1,1,46.755863,-114.972032,26.4159,65,0,NA,NA,NA,NA,NA,700,45.591,58,157,1,NA,6.018046,NA,105,30,24,0.8,1337.7412109375,4.929999828338623
87619,16_1_35_87619,35,16,31359386010690,2008,2,2008,31359389010690,1,2,1,46.763483,-115.369736,198.062,26,22,9999,0,NA,NA,NA,735,312.7719,51,338,1,NA,6.018046,2002,105,1,1,1,1642.2603759765625,5.279999732971191
87627,16_1_35_87627,35,16,4723524010690,2004,2,2004,4723527010690,1,1,1,46.622196,-114.852007,12.226,49,30,2000,0,NA,NA,NA,670,17.2325,7,214,1,NA,6.018046,NA,105,2,1,0.5,1745.6795654296875,3.65999984741211
87708,16_1_49_87708,49,16,4729602010690,2004,2,2004,4729605010690,1,2,1,46.304144,-114.797725,25.9057,44,0,NA,NA,NA,NA,NA,735,43.3722,49,317,1,NA,6.018046,NA,117,2,1,0.5,1418.7177734375,3.3899998664855957
87743,16_1_49_87743,49,16,40390469010690,2012,2,2013,272347136489998,1,2,1,45.644758,-115.522088,0,44,30,2011,0,NA,0,NA,700,0,24,245,1,NA,6.018046,2012,117,53,53,1,963.51806640625,1.71999990940094
87760,16_1_49_87760,49,16,37275897010690,2010,2,2010,42514941010690,1,2,1,45.906569,-115.443995,165.9242,65,0,NA,0,NA,0,NA,595,253.1679,41,175,1,NA,6.018046,NA,117,8,8,1,898.36956787109375,5.37999963760376
87811,16_1_49_87811,49,16,40390559010690,2011,2,2011,51047235020004,1,1,1,46.010008,-114.896346,119.9789,79,0,NA,0,NA,0,NA,450,184.1189,65,130,1,NA,6.018046,NA,117,10,1,0.1,1055.5269775390625,4.940000057220459
87834,16_1_49_87834,49,16,40390458010690,2013,2,2013,273528563489998,1,2,1,45.685201,-115.649892,120.659,32,22,2008,0,NA,0,NA,735,243.5741,6,18,1,NA,NA,2009,117,2,2,1,1237.8675537109375,1.8399999141693115
87903,16_1_49_87903,49,16,31366129010690,2008,2,2008,31366132010690,1,1,1,45.58022,-115.827821,134.0322,40,0,NA,NA,NA,NA,NA,700,281.7884,20,240,1,NA,6.018046,NA,117,43,0,0,1320.59130859375,2.93999981880188
87913,16_1_49_87913,49,16,37275860010690,2010,2,2010,42511928010690,1,1,1,46.481125,-114.594081,267.659,25,0,NA,0,NA,0,NA,770,497.4228,56,88,1,NA,6.018046,NA,105,2,1,0.5,1106.4276123046875,4.670000076293945
87918,16_1_49_87918,49,16,40390316010690,2013,2,2013,273521077489998,1,1,1,46.49055,-115.179864,69.04,59,12,9999,0,NA,0,NA,700,115.3337,10,212,1,NA,6.018046,NA,105,25,14,0.56,1553.890869140625,4.549999713897705
87921,16_1_49_87921,49,16,5390595010690,2005,2,2005,5390598010690,1,1,1,45.865637,-115.586878,73.2782,52,0,NA,NA,NA,NA,NA,595,131.8651,17,183,1,NA,6.018046,NA,117,1,0,0,862.1270751953125,5.009999752044678
87983,16_1_49_87983,49,16,12281318010690,2007,2,2007,12281321010690,1,2,1,45.680008,-115.333496,58.8282,52,0,NA,NA,NA,NA,NA,700,119.013,50,280,1,NA,6.018046,NA,117,74,48,0.6486486486486487,737.7207641601564,4.339999675750732
87985,16_1_49_87985,49,16,12281414010690,2007,2,2007,12281417010690,1,1,1,46.387341,-114.535641,172.7814,39,0,NA,NA,NA,NA,NA,670,312.8749,20,340,1,NA,6.018046,NA,105,18,4,0.2222222222222222,1280.1251220703125,3.669999837875366
87989,16_1_49_87989,49,16,40390460010690,2013,2,2013,273514049489998,1,1,1,45.682387,-115.455719,63.5876,42,31,2012,0,NA,0,NA,700,128.703,10,59,1,NA,6.018046,NA,117,56,26,0.4642857142857143,855.3145751953125,2.6399998664855957
88030,16_1_49_88030,49,16,4729769010690,2004,2,2004,4729772010690,1,2,1,45.813242,-115.135649,209.8251,64,0,NA,NA,NA,NA,NA,670,357.8801,47,28,1,NA,6.018046,2002,117,29,10,0.3448275862068966,1055.75146484375,4.049999713897705
88035,16_1_35_88035,35,16,40389896010690,2013,2,2013,273511895489998,1,1,1,46.674546,-115.360175,309.5675,83,0,NA,0,NA,0,NA,595,418.6972,72,269,1,NA,6.018046,NA,105,1,0,0,1156.684326171875,7.039999961853027
88044,16_1_49_88044,49,16,40390447010690,2012,2,2012,195368167020004,1,1,1,45.732608,-115.71783,238.1536,32,0,NA,0,NA,0,NA,735,393.398,51,102,1,NA,6.018046,NA,117,2,0,0,838.3407592773436,3.9699997901916504
88069,16_1_49_88069,49,16,4729863010690,2004,2,2004,4729866010690,1,2,1,46.477787,-114.463731,102.0459,39,0,NA,NA,NA,NA,NA,735,202.4264,45,46,1,NA,6.018046,NA,105,22,22,1,1503.0726318359375,2.3899998664855957
88115,16_1_49_88115,49,16,11804947010690,2006,2,2006,11804950010690,1,2,1,46.123153,-114.536203,75.3376,25,0,NA,NA,NA,NA,NA,735,129.539,80,230,1,NA,6.018046,NA,117,15,11,0.7333333333333333,1441.0185546875,3.2899999618530273
88145,16_1_35_88145,35,16,31359550010690,2008,2,2008,31359553010690,1,2,1,46.75086,-114.83375,124.9699,60,12,9999,0,NA,NA,NA,700,207.0719,23,170,1,NA,6.018046,2007,105,46,21,0.4565217391304347,1496.3553466796875,4.239999771118164
88185,16_1_49_88185,49,16,37275905010690,2010,2,2010,42515968010690,1,2,1,45.771686,-115.082897,20.1099,51,10,2009,0,NA,0,NA,700,39.5684,30,170,1,NA,6.018046,2007,117,31,22,0.7096774193548387,1066.274169921875,3.109999895095825
88225,16_1_49_88225,49,16,31366532010690,2008,2,2008,31366535010690,1,1,1,46.079636,-114.800098,88.1719,61,31,2005,0,NA,NA,NA,450,111.6781,65,260,1,NA,6.018046,NA,117,4,0,0,1055.0579833984375,6.179999828338623
88233,16_1_49_88233,49,16,37275873010690,2010,2,2010,42513346010690,1,2,1,46.254071,-114.799438,40.7056,31,0,NA,0,NA,0,NA,735,78.8927,12,220,1,NA,6.018046,2006,117,11,10,0.9090909090909092,1381.85302734375,3.879999876022339
88241,16_1_57_88241,57,16,5392262010690,2005,2,2005,5392265010690,1,2,1,47.002217,-116.745164,126.1532,70,0,NA,NA,NA,NA,NA,735,267.856,25,358,1,NA,6.018046,NA,105,2,1,0.5,863.06396484375,7.519999980926514
88312,16_1_49_88312,49,16,12281737010690,2007,2,2007,12281740010690,1,1,1,45.853442,-115.003708,156.9285,31,0,NA,NA,NA,NA,NA,735,274.5066,65,56,1,NA,6.018046,NA,117,2,1,0.5,1086.819091796875,3.509999990463257
88346,16_1_35_88346,35,16,5383514010690,2005,2,2005,5383517010690,1,1,1,46.646821,-115.482599,45.8222,40,0,NA,NA,NA,NA,NA,735,114.9142,18,225,1,NA,74.965282,NA,105,1,0,0,1394.16943359375,5.96999979019165
88353,16_1_49_88353,49,16,11805005010690,2006,2,2006,11805008010690,1,1,1,45.769839,-115.448064,75.0735,70,0,NA,NA,NA,NA,NA,595,186.0738,29,77,1,NA,6.018046,NA,117,3,0,0,798.6319580078125,4.420000076293945
88357,16_1_49_88357,49,16,31366568010690,2008,2,2008,31366571010690,1,2,1,46.106579,-114.486099,50.3704,26,12,9999,20,9999,0,NA,735,100.7851,36,21,1,NA,6.018046,NA,117,2,2,1,1568.9996337890625,3.240000009536743
88397,16_1_49_88397,49,16,40390486010690,2011,2,2011,51045196020004,1,1,1,45.539675,-115.010206,166.1256,67,0,NA,0,NA,0,NA,595,227.6985,55,165,1,NA,6.018046,NA,117,4,1,0.25,785.1181030273436,5.759999752044678
88408,16_1_49_88408,49,16,11805213010690,2006,2,2006,11805216010690,1,1,1,46.090185,-115.259433,37.1184,65,0,NA,NA,NA,NA,NA,595,68.1297,50,245,1,NA,74.965282,NA,117,3,2,0.6666666666666666,1003.9330444335938,5.679999828338623
88425,16_1_57_88425,57,16,37275988010690,2010,2,2010,42521914010690,1,1,1,46.864094,-116.536951,253.9882,49,22,9999,0,NA,0,NA,735,415.4542,21,323,1,NA,6.018046,NA,105,3,0,0,954.24139404296875,7.269999980926514
88441,16_1_49_88441,49,16,37275919010690,2010,2,2010,42517543010690,1,1,1,45.56155,-116.104759,95.434,67,0,NA,0,NA,0,NA,650,191.4218,15,97,1,NA,6.018046,NA,117,23,0,0,1028.5438232421875,4.75
88458,16_1_49_88458,49,16,11805246010690,2006,2,2006,11805249010690,1,1,1,45.595544,-115.524697,89.422,35,0,NA,NA,NA,NA,NA,735,172.6671,30,62,1,NA,6.018046,NA,117,22,7,0.3181818181818182,899.75030517578125,2.0799999237060547
88476,16_1_49_88476,49,16,31366619010690,2008,2,2008,31366622010690,1,1,1,46.259601,-114.860333,98.1926,43,0,NA,NA,NA,NA,NA,700,179.43,20,95,1,NA,6.018046,NA,117,28,0,0,1425.3309326171875,3.609999895095825
88492,16_1_9_88492,9,16,35371009010690,2009,2,2009,39507489010690,1,1,1,47.085735,-116.735152,115.4943,68,0,NA,NA,NA,NA,NA,595,207.4551,20,231,1,NA,6.018046,NA,105,8,0,0,887.98187255859375,7.369999885559082
88515,16_1_49_88515,49,16,4730157010690,2004,2,2004,4730160010690,1,1,1,46.440259,-114.654109,125.7131,28,0,NA,NA,NA,NA,NA,735,266.6467,8,60,1,NA,6.018046,NA,105,3,1,0.3333333333333333,1193.7523193359375,3.740000009536743
88571,16_1_49_88571,49,16,40390459010690,2011,2,2011,51044431020004,1,2,1,45.689049,-115.51979,95.2956,44,12,2009,0,NA,0,NA,700,186.5156,36,282,1,NA,6.018046,2009,117,70,49,0.7,833.85235595703125,3.490000009536743
88623,16_1_49_88623,49,16,4730227010690,2004,2,2004,4730230010690,1,1,1,45.594876,-115.267644,127.8883,35,0,NA,NA,NA,NA,NA,670,252.4232,10,265,1,NA,6.018046,NA,117,30,15,0.5,833.28387451171875,4.619999885559082
88640,16_1_49_88640,49,16,4730382010690,2004,2,2004,4730385010690,1,2,1,45.957947,-115.45014,190.607,74,12,2002,0,NA,NA,NA,595,345.2383,54,327,1,NA,6.018046,2003,117,21,15,0.7142857142857143,994.61328125,5.109999656677246
88643,16_1_49_88643,49,16,40390443010690,2012,2,2012,195367799020004,1,2,1,45.76691,-115.006586,90.7419,44,12,2008,0,NA,0,NA,735,150.9474,37,207,1,NA,6.018046,2008,117,38,31,0.8157894736842105,954.22918701171875,4.049999713897705
88708,16_1_49_88708,49,16,40390382010690,2013,2,2014,325209063489998,1,2,1,46.042323,-114.992528,90.7331,88,0,NA,0,NA,0,NA,595,154.94,60,340,1,NA,6.018046,2007,117,5,4,0.8,970.92608642578125,5.869999885559082
88751,16_1_49_88751,49,16,37275943010690,2010,2,2010,42519731010690,1,1,1,45.932885,-115.086624,26.0998,28,12,2008,0,NA,0,NA,700,67.0427,52,142,1,NA,74.965282,NA,117,10,1,0.1,1177.239013671875,3.5899999141693115
88794,16_1_35_88794,35,16,12275606010690,2007,2,2007,12275609010690,1,1,1,46.663084,-114.716938,193.838,35,0,NA,NA,NA,NA,NA,700,418.0097,30,192,1,NA,6.018046,NA,105,87,10,0.11494252873563218,1524.4398193359375,3.4700000286102295
88795,16_1_49_88795,49,16,35371883010690,2009,2,2009,39520651010690,1,1,1,45.729612,-115.469588,165.7502,45,0,NA,NA,NA,NA,NA,700,355.6593,25,325,1,NA,6.018046,NA,117,116,36,0.3103448275862069,798.6319580078125,4.420000076293945
88881,16_1_49_88881,49,16,40390342010690,2012,2,2012,195365748020004,1,1,1,46.26668,-115.054109,186.4026,53,0,NA,0,NA,0,NA,670,308.5035,42,134,1,NA,6.018046,NA,117,1,0,0,1282.1361083984375,5.230000019073486
88887,16_1_49_88887,49,16,31366811010690,2008,2,2008,31366814010690,1,2,1,45.554944,-116.16157,101.6337,35,0,NA,NA,NA,NA,NA,735,205.2667,40,270,1,NA,6.018046,2006,117,14,11,0.7857142857142857,1137.7425537109375,3.6999998092651367
88931,16_1_49_88931,49,16,40390474010690,2012,2,2013,272346408489998,1,2,1,45.596649,-115.648904,70.3707,35,0,NA,0,NA,0,NA,735,146.1244,36,2,1,NA,6.018046,2010,117,3,3,1,1157.7489013671875,1.9499999284744265
88993,16_1_49_88993,49,16,12281832010690,2007,2,2007,12281835010690,1,2,1,45.831567,-115.353285,99.1007,66,0,NA,NA,NA,NA,NA,700,167.5934,44,136,1,NA,6.018046,NA,117,43,22,0.5116279069767442,938.8114624023436,4.759999752044678
88997,16_1_49_88997,49,16,40351723010690,2010,2,2010,42520165010690,1,1,1,46.094552,-115.450308,77.9084,72,0,NA,0,NA,0,NA,595,123.4583,92,273,1,NA,6.018046,NA,117,1,0,0,1051.0615234375,8.899999618530273
