PLOT,SPCD,STATECD,PLT_CN,INVYR,CYCLE,MEASYEAR,COND_CN,CONDID,STATUSCD,COND_STATUS_CD,LAT,LON,BALIVE,SICOND,DSTRBCD1,DSTRBYR1,DSTRBCD2,DSTRBYR2,DSTRBCD3,DSTRBYR3,SDIMAX_RMRS,SDI_RMRS,SLOPE,ASPECT,CONDPROP_UNADJ,RECONCILECD,TPA_UNADJ,MORTYR,ADFORCD,TREESALL,TOTALDEAD,DEADPROP,INSECT,DISEASE,FIRE,disturbance_type
80015,101,16,31362828010690,2008,2,2008,31362831010690,1,2,1,45.599731,-115.98244,166.5874,55,0,NA,NA,NA,NA,NA,735,285.9927,40,345,1,NA,6.018046,2005,117,2,1,0.5,0,0,0,None
80018,101,16,5383612010690,2005,2,2005,5383616010690,2,1,1,44.423964,-114.517896,227.9937,27,0,NA,NA,NA,NA,NA,595,309.2323,65,129,0.25,NA,6.018046,NA,413,10,0,0,0,0,0,None
80048,101,16,4723582010690,2004,2,2004,4723585010690,1,1,2,44.138415,-114.566709,NA,NA,0,NA,NA,NA,NA,NA,NA,0,NA,NA,0.75,NA,6.018046,NA,414,7,0,0,0,0,0,None
80054,101,16,11798807010690,2006,2,2006,11798810010690,1,1,1,44.505732,-114.677871,133.0731,31,0,NA,NA,NA,NA,NA,470,169.0725,62,268,1,NA,6.018046,NA,413,6,1,0.16666666666666666,0,0,0,None
80085,101,16,31359810010690,2008,2,2008,31359813010690,1,1,1,44.460527,-114.435119,346.2406,35,10,9999,0,NA,NA,NA,670,524.7182,60,296,1,NA,6.018046,NA,413,15,3,0.2,1,0,0,INSECT
80134,101,16,11812701010690,2006,2,2006,11812704010690,1,2,1,44.647425,-115.300531,2.5999,44,32,2001,0,NA,NA,NA,700,4.9944,40,106,1,NA,6.018046,2001,413,11,11,1,0,0,1,FIRE
80151,101,16,12289101010690,2007,2,2007,12289104010690,1,2,1,44.245747,-115.751346,55.2609,36,0,NA,NA,NA,NA,NA,735,91.5379,65,5,1,NA,6.018046,2006,402,1,1,1,0,0,0,None
80163,101,16,35371633010690,2009,2,2009,39513990010690,1,1,1,43.720471,-113.859296,62.2368,NA,10,9999,0,NA,NA,NA,470,101.5064,38,306,1,NA,6.018046,NA,413,12,0,0,1,0,0,INSECT
80221,101,16,5386965010690,2005,2,2005,5386968010690,1,1,1,45.369877,-115.406421,119.3809,30,0,NA,NA,NA,NA,NA,735,230.7152,12,192,1,NA,6.018046,NA,412,16,4,0.25,0,0,0,None
80250,101,16,5387044010690,2005,2,2005,5387047010690,1,2,1,45.569791,-114.569639,0,NA,32,2001,0,NA,NA,NA,700,0,53,233,1,NA,6.018046,NA,103,1,1,1,0,0,1,FIRE
80278,101,16,40391504010690,2013,2,2013,273522244489998,1,2,1,45.052793,-115.284766,85.1451,23,0,NA,0,NA,0,NA,670,191.0248,75,92,1,NA,6.018046,NA,412,17,7,0.4117647058823529,0,0,0,None
80288,101,16,11798836010690,2006,2,2006,11798839010690,1,1,1,44.453885,-114.480217,95.2049,25,0,NA,NA,NA,NA,NA,470,191.7054,47,125,1,NA,6.018046,NA,413,25,8,0.32,0,0,0,None
80303,101,16,11806586010690,2006,2,2008,11806588010690,1,2,1,44.814151,-114.663375,80.8991,22,31,2007,0,NA,NA,NA,470,162.4724,39,282,1,NA,6.018046,2007,413,57,28,0.49122807017543857,0,0,1,FIRE
80357,101,16,35372607010690,2009,2,2009,39528127010690,1,2,1,44.747627,-115.740586,43.0792,42,0,NA,NA,NA,NA,NA,700,88.0164,60,126,1,NA,6.018046,NA,402,2,2,1,0,0,0,None
80379,101,16,12275795010690,2007,2,2007,12275798010690,1,1,1,44.597687,-115.117081,47.4102,33,0,NA,NA,NA,NA,NA,735,78.6053,47,146,1,NA,6.018046,NA,413,1,0,0,0,0,0,None
80383,101,16,5392508010690,2005,2,2005,5392511010690,1,1,1,44.582935,-113.521399,79.9772,18,0,NA,NA,NA,NA,NA,470,140.5932,59,88,0.75,NA,6.018046,NA,413,33,20,0.6060606060606061,0,0,0,None
80396,101,16,40390357010690,2011,2,2012,51042208020004,1,2,1,46.173066,-115.257142,88.5587,32,0,NA,0,NA,0,NA,735,164.2176,27,225,1,NA,6.018046,NA,117,7,7,1,0,0,0,None
80410,101,16,40390211010690,2013,2,2013,273519670489998,1,1,2,44.617849,-111.253104,NA,NA,0,NA,NA,NA,NA,NA,0,NA,NA,NA,1,NA,6.018046,NA,415,2,0,0,0,0,0,None
80428,101,16,37276032010690,2010,2,2010,42524938010690,2,2,1,44.544817,-113.529264,10.2215,23,10,2009,0,NA,0,NA,735,32.6305,32,248,0.25,NA,6.018046,NA,413,3,3,1,1,0,0,INSECT
80431,101,16,5379711010690,2005,2,2005,5379714010690,1,1,1,48.889406,-116.72518,35.659,41,0,NA,NA,NA,NA,NA,735,70.2552,35,127,1,NA,6.018046,NA,104,2,0,0,0,0,0,None
80454,101,16,37275767010690,2010,2,2011,50634766020004,3,1,1,43.861281,-114.135178,54.5206,45,0,NA,0,NA,0,NA,450,101.6682,40,225,0.25,NA,6.018046,NA,413,2,0,0,0,0,0,None
80464,101,16,12275835010690,2007,2,2007,12275838010690,1,2,1,44.433558,-114.457052,23.1314,21,46,9999,0,NA,NA,NA,735,52.9185,65,72,1,NA,6.018046,NA,413,8,8,1,0,0,0,None
80533,101,16,35371648010690,2009,2,2009,39515742010690,1,1,1,43.92424,-115.003597,68.6733,25,0,NA,NA,NA,NA,NA,735,124.2504,46,249,1,NA,6.018046,NA,414,1,0,0,0,0,0,None
80612,101,16,4716780010690,2004,2,2004,4716783010690,1,2,1,43.824299,-114.508367,4.5049,28,95,9999,0,NA,NA,NA,450,9.4772,45,125,1,NA,6.018046,NA,414,1,1,1,0,0,0,None
80681,101,16,5397970010690,2005,2,2005,5397973010690,1,1,1,45.188711,-115.73055600000001,110.583,33,0,NA,NA,NA,NA,NA,670,231.9138,2,0,1,NA,6.018046,NA,412,1,0,0,0,0,0,None
80709,101,16,31363238010690,2008,2,2008,31363241010690,1,1,1,45.810362,-114.618585,113.6801,41,12,2008,0,NA,NA,NA,595,220.1201,27,277,1,NA,6.018046,NA,103,8,6,0.75,1,0,0,INSECT
80760,101,16,40390796010690,2012,2,2012,195374207020004,1,2,1,44.676841,-114.478766,3.296,NA,30,2007,0,NA,0,NA,735,6.8828,60,290,1,NA,6.018046,2007,413,13,12,0.9230769230769231,0,0,1,FIRE
80811,101,16,37275739010690,2010,2,2010,42508548010690,1,1,1,44.457506,-114.671518,104.9565,30,12,9999,0,NA,0,NA,595,158.8926,58,280,1,NA,6.018046,NA,413,5,3,0.6,1,0,0,INSECT
80868,101,16,5377210010690,2005,2,2005,5377213010690,1,1,1,43.738069,-114.642287,117.466,42,0,NA,NA,NA,NA,NA,595,159.8836,70,23,1,NA,6.018046,NA,414,3,1,0.3333333333333333,0,0,0,None
80909,101,16,40391556010690,2013,2,2013,273509436489998,1,2,1,44.698203,-115.421804,0,NA,0,NA,0,NA,0,NA,735,0,25,196,1,NA,6.018046,2007,413,6,6,1,0,0,0,None
80937,101,16,11798915010690,2006,2,2006,11798918010690,1,1,1,44.670376,-114.348039,5.5307,32,12,9999,0,NA,NA,NA,700,13.6493,20,184,1,NA,74.965282,NA,413,2,0,0,1,0,0,INSECT
80990,101,16,37275887010690,2010,2,2011,42514498010690,1,2,1,45.990882,-114.932127,17.7205,29,0,NA,0,NA,0,NA,595,32.1447,43,250,1,NA,6.018046,NA,117,4,4,1,0,0,0,None
81010,101,16,5377806010690,2005,2,2005,5377809010690,1,2,1,44.239461,-115.18578,0,19,30,2004,0,NA,NA,NA,735,0,75,214,1,NA,6.018046,2004,402,5,5,1,0,0,1,FIRE
81018,101,16,5382377010690,2005,2,2005,5382380010690,1,1,1,46.667174,-114.776673,93.3793,19,0,NA,NA,NA,NA,NA,670,195.6272,65,242,1,NA,74.965282,NA,105,14,3,0.21428571428571427,0,0,0,None
81026,101,16,40391573010690,2012,2,2012,195381222020004,1,1,2,44.472509,-116.126416,NA,NA,0,NA,0,NA,0,NA,NA,0,NA,NA,1,NA,6.018046,NA,402,1,0,0,0,0,0,None
81036,101,16,40390560010690,2012,2,2012,195370844020004,1,2,1,45.932262,-115.029978,65.4292,20,30,2008,0,NA,0,NA,735,134.8754,72,262,1,NA,6.018046,NA,117,7,3,0.42857142857142855,0,0,1,FIRE
81056,101,16,35372120010690,2009,2,2010,42491646010690,1,2,1,44.773695,-114.726341,9.4327,39,30,2009,0,NA,0,NA,700,16.7488,33,63,0.75,NA,6.018046,NA,413,2,2,1,0,0,1,FIRE
81069,101,16,11802261010690,2006,2,2006,11802264010690,1,2,1,46.31055,-115.059055,32.4304,47,0,NA,NA,NA,NA,NA,670,56.1354,45,133,1,NA,6.018046,NA,117,2,2,1,0,0,0,None
81079,101,16,11798937010690,2006,2,2006,11798940010690,1,2,1,43.859443,-113.992703,18.718,NA,46,9999,0,NA,NA,NA,470,40.1459,37,238,1,NA,6.018046,NA,413,12,6,0.5,0,0,0,None
81107,101,16,31368181010690,2008,2,2008,31368184010690,1,1,1,45.302278,-113.74565,127.659,28,0,NA,NA,NA,NA,NA,700,285.4551,55,242,1,NA,6.018046,NA,413,12,7,0.5833333333333334,0,0,0,None
81111,101,16,4731770010690,2004,2,2004,4731773010690,1,1,1,45.131131,-114.577975,42.9409,21,50,9999,0,NA,NA,NA,470,87.523,31,319,1,NA,6.018046,NA,413,19,7,0.3684210526315789,0,0,0,None
81122,101,16,40390797010690,2012,2,2012,195374278020004,1,2,1,44.671086,-113.780343,118.1767,30,12,9999,0,NA,0,NA,595,152.9235,60,115,1,NA,6.018046,NA,413,7,6,0.8571428571428571,1,0,0,INSECT
81139,101,16,40389976010690,2011,2,2012,51038134020004,1,2,1,44.4192,-114.689695,134.8407,36,10,9999,0,NA,0,NA,595,252.211,38,241,1,NA,6.018046,NA,413,28,27,0.9642857142857143,1,0,0,INSECT
81145,101,16,40390734010690,2011,2,2011,51049982020004,1,2,1,45.218035,-114.513855,20.4191,25,0,NA,0,NA,0,NA,670,38.0165,0,0,1,NA,6.018046,NA,413,1,1,1,0,0,0,None
81154,101,16,4737407010690,2004,2,2004,4737411010690,2,1,1,44.648168,-115.367742,139.5598,23,0,NA,NA,NA,NA,NA,735,360.8698,40,334,0.25,NA,6.018046,NA,413,11,0,0,0,0,0,None
81168,101,16,31368276010690,2008,2,2008,31368279010690,1,1,1,45.303479,-114.126098,161.5495,42,0,NA,NA,NA,NA,NA,735,292.011,10,53,1,NA,6.018046,NA,413,3,0,0,0,0,0,None
81283,101,16,40390449010690,2011,2,2011,51043974020004,1,2,1,45.721258,-115.075746,76.7531,42,0,NA,0,NA,0,NA,735,174.5327,10,266,1,NA,6.018046,NA,117,4,4,1,0,0,0,None
81301,101,16,11806755010690,2006,2,2006,11806758010690,1,2,1,44.63952,-113.13768,90.7923,NA,0,NA,NA,NA,NA,NA,470,156.6168,35,75,1,NA,6.018046,NA,413,36,16,0.4444444444444444,0,0,0,None
81348,101,16,35371653010690,2009,2,2009,39515854010690,1,1,1,43.749244,-115.322246,102.2851,17,12,2008,0,NA,NA,NA,735,231.9276,56,270,1,NA,6.018046,NA,402,18,5,0.2777777777777778,1,0,0,INSECT
81360,101,16,4726999010690,2004,2,2004,4727002010690,1,2,1,45.278332,-115.593857,60.7073,36,0,NA,NA,NA,NA,NA,735,115.5342,20,202,1,NA,6.018046,NA,412,1,1,1,0,0,0,None
81396,101,16,31353585010690,2008,2,2011,50630523020004,2,1,1,43.693665,-114.582129,122.8572,27,0,NA,0,NA,0,NA,735,314.3876,5,324,0.25,NA,6.018046,NA,414,9,5,0.5555555555555556,0,0,0,None
81426,101,16,40390852010690,2012,2,2012,195375130020004,1,2,1,44.795637,-114.626943,159.1011,24,0,NA,0,NA,0,NA,735,367.3366,57,345,1,NA,6.018046,NA,413,17,17,1,0,0,0,None
81449,101,16,40391525010690,2013,2,2013,273534996489998,1,1,1,44.871125,-115.932284,86.7214,32,0,NA,0,NA,0,NA,735,164.0029,35,62,1,NA,74.965282,NA,412,5,2,0.4,0,0,0,None
81450,101,16,31368397010690,2008,2,2008,31368400010690,1,1,1,45.171693,-113.607904,57.991,23,0,NA,NA,NA,NA,NA,470,117.4944,30,306,0.75,NA,6.018046,NA,413,19,2,0.10526315789473684,0,0,0,None
81459,101,16,11796922010690,2006,2,2006,11796925010690,1,2,1,44.511015,-111.998055,114.158,41,0,NA,NA,NA,NA,NA,670,192.3859,11,29,1,NA,6.018046,NA,415,14,13,0.9285714285714286,0,0,0,None
81475,101,16,11813067010690,2006,2,2006,11813070010690,1,1,1,44.961174,-115.156946,145.5888,42,0,NA,NA,NA,NA,NA,595,319.2077,60,336,1,NA,6.018046,NA,412,1,0,0,0,0,0,None
81526,101,16,11813162010690,2006,2,2008,11813164010690,1,1,1,44.921585,-115.861571,70.3848,37,0,NA,NA,NA,NA,NA,670,114.7453,15,90,0.605652,NA,6.018046,NA,412,2,0,0,0,0,0,None
81547,101,16,37275826010690,2010,2,2010,42510302010690,1,2,1,44.521328,-111.505628,116.9363,27,0,NA,0,NA,0,NA,735,205.6852,54,174,1,NA,6.018046,NA,415,11,8,0.7272727272727273,0,0,0,None
81594,101,16,37275541010690,2010,2,2010,42497925010690,1,2,1,48.392337,-116.124274,53.7843,16,0,NA,0,NA,0,NA,735,117.7294,48,246,1,NA,6.018046,NA,104,9,8,0.8888888888888888,0,0,0,None
81602,101,16,35371549010690,2009,2,2009,39514165010690,1,1,1,44.543415,-114.545986,114.1915,32,10,9999,0,NA,NA,NA,670,165.4542,19,332,0.75,NA,6.018046,NA,413,1,0,0,1,0,0,INSECT
81620,101,16,12275976010690,2007,2,2007,12275979010690,1,2,1,43.905299,-114.256575,1.3867,NA,12,2005,0,NA,NA,NA,470,3.0208,80,288,1,NA,6.018046,2005,413,11,10,0.9090909090909091,1,0,0,INSECT
81722,101,16,4737460010690,2004,2,2004,4737463010690,1,1,1,44.789922,-115.740918,150.2172,28,0,NA,NA,NA,NA,NA,735,299.5602,20,288,1,NA,6.018046,NA,412,9,0,0,0,0,0,None
81728,101,16,12289384010690,2007,2,2008,12289386010690,1,1,1,45.002664,-115.282511,77.1557,23,0,NA,NA,NA,NA,NA,735,167.765,65,320,0.5,NA,6.018046,NA,412,8,2,0.25,0,0,0,None
81734,101,16,31360099010690,2008,2,2008,31360102010690,1,2,1,43.816243,-113.741863,33.1139,NA,10,9999,0,NA,NA,NA,470,51.9922,61,102,1,NA,6.018046,NA,413,11,6,0.5454545454545454,1,0,0,INSECT
81790,101,16,40390710010690,2011,2,2011,51049492020004,1,2,1,45.538175,-114.507249,0,NA,30,2011,0,NA,0,NA,700,0,23,180,1,NA,6.018046,2011,413,7,7,1,0,0,1,FIRE
81809,101,16,4737603010690,2004,2,2004,4737606010690,1,1,1,44.969726,-115.215301,45.2755,NA,50,9999,0,NA,NA,NA,470,89.0979,55,120,1,NA,6.018046,NA,412,21,6,0.2857142857142857,0,0,0,None
81871,101,16,11806862010690,2006,2,2006,11806865010690,1,1,1,44.804974,-113.849215,91.5339,32,0,NA,NA,NA,NA,NA,735,196.1199,55,12,1,NA,6.018046,NA,413,15,7,0.4666666666666667,0,0,0,None
81873,101,16,40390791010690,2011,2,2011,51051413020004,1,2,1,44.715291,-113.845525,68.69,20,0,NA,0,NA,0,NA,735,125.7224,13,356,1,NA,6.018046,NA,413,38,30,0.7894736842105263,0,0,0,None
81961,101,16,12276119010690,2007,2,2007,12276122010690,1,2,1,44.414502,-114.807838,12.5926,12,30,2006,10,2004,0,NA,735,23.6922,70,100,1,NA,6.018046,2006,413,3,2,0.6666666666666666,0,0,1,FIRE
81965,101,16,4737640010690,2004,2,2004,4737643010690,1,2,1,44.78415,-115.23371,18.6609,33,32,2001,0,NA,NA,NA,735,31.6099,33,201,1,NA,6.018046,NA,413,7,7,1,0,0,1,FIRE
81971,101,16,31361317010690,2008,2,2011,50635725020004,1,1,2,43.785303,-115.078698,NA,NA,0,NA,NA,NA,NA,NA,0,NA,NA,NA,1,NA,6.018046,NA,402,2,0,0,0,0,0,None
81993,101,16,37275591010690,2010,2,2012,195265492020004,1,1,1,48.864444,-116.54714,140.5137,37,0,NA,0,NA,0,NA,700,334.0553,30,301,1,NA,74.965282,NA,104,2,0,0,0,0,0,None
82002,101,16,11799089010690,2006,2,2006,11799092010690,1,1,1,44.186249,-114.620369,105.9017,22,0,NA,NA,NA,NA,NA,735,225.4684,72,336,1,NA,6.018046,NA,414,2,0,0,0,0,0,None
82006,101,16,35372144010690,2009,2,2009,39522642010690,1,2,1,44.464407,-113.396346,52.224,25,0,NA,NA,NA,NA,NA,470,120.4718,43,75,1,NA,6.018046,NA,413,25,16,0.64,0,0,0,None
82018,101,16,4723777010690,2004,2,2004,4723780010690,1,1,1,43.863676,-113.672863,135.4828,43,0,NA,NA,NA,NA,NA,595,189.8185,59,346,1,NA,6.018046,NA,413,10,9,0.9,0,0,0,None
82039,101,16,35372476010690,2009,2,2009,39526128010690,1,1,1,47.44512,-115.737233,109.9684,41,10,9999,22,9999,0,NA,700,222.8951,21,359,1,NA,6.018046,NA,104,2,0,0,1,0,0,INSECT
82059,101,16,40391509010690,2011,2,2011,51056872020004,2,2,1,45.012458,-115.853437,61.8132,40,0,NA,0,NA,0,NA,735,101.3184,50,167,0.5,NA,6.018046,NA,412,1,1,1,0,0,0,None
82061,101,16,35371804010690,2009,2,2009,39517893010690,1,2,1,46.391168,-114.470475,0,49,32,2006,0,NA,NA,NA,670,0,28,27,1,NA,6.018046,2006,105,1,1,1,0,0,1,FIRE
82082,101,16,40390332010690,2011,2,2011,51041703020004,1,2,1,46.34775,-114.528916,0,NA,30,2007,0,NA,0,NA,700,0,15,248,1,NA,6.018046,2007,105,1,1,1,0,0,1,FIRE
82096,101,16,37275745010690,2010,2,2010,42508905010690,1,1,1,44.324587,-114.867309,68.6662,70,12,9999,0,NA,0,NA,595,97.5168,76,151,1,NA,6.018046,NA,413,1,0,0,1,0,0,INSECT
82108,101,16,12279217010690,2007,2,2008,12279219010690,1,1,1,45.585095,-114.828521,9.1281,30,0,NA,NA,NA,NA,NA,735,17.7208,31,206,0.75,NA,6.018046,NA,103,2,0,0,0,0,0,None
82152,101,16,12276147010690,2007,2,2007,12276150010690,1,2,1,44.233405,-114.6193,58.6978,23,0,NA,NA,NA,NA,NA,735,131.6565,46,342,1,NA,6.018046,NA,414,8,7,0.875,0,0,0,None
82166,101,16,40390051010690,2011,2,2011,51039169020004,1,2,1,43.951476,-114.327091,4.3407,NA,10,9999,0,NA,0,NA,470,9.3699,73,338,1,NA,6.018046,2008,413,7,5,0.7142857142857143,1,0,0,INSECT
82169,101,16,35372062010690,2009,2,2009,39522698010690,1,1,1,45.568458,-114.111843,97.7987,27,0,NA,NA,NA,NA,NA,700,190.4332,20,318,1,NA,6.018046,NA,413,6,0,0,0,0,0,None
82204,101,16,40391498010690,2012,2,2012,195379528020004,1,2,1,45.100531,-115.288104,4.1177,25,0,NA,0,NA,0,NA,470,7.6424,70,128,0.75,NA,6.018046,NA,412,20,19,0.95,0,0,0,None
82219,101,16,4725875010690,2004,2,2008,4725877010690,1,2,1,44.707242,-111.374086,272.6185,22,0,NA,NA,NA,NA,NA,670,470.2161,60,12,1,NA,6.018046,NA,415,30,10,0.3333333333333333,0,0,0,None
82230,101,16,11806987010690,2006,2,2006,11806990010690,1,2,1,44.998036,-114.653108,42.2309,29,0,NA,NA,NA,NA,NA,595,70.2619,100,85,1,NA,6.018046,2000,413,2,1,0.5,0,0,0,None
82240,101,16,40391548010690,2011,2,2011,51057514020004,1,2,1,44.742368,-115.356303,53.44,31,12,2008,0,NA,0,NA,670,131.7812,35,24,1,NA,6.018046,2008,413,5,4,0.8,1,0,0,INSECT
82271,101,16,31368458010690,2008,2,2008,31368461010690,1,1,1,44.993993,-114.586967,134.132,33,0,NA,NA,NA,NA,NA,595,260.2804,46,8,1,NA,6.018046,NA,413,9,3,0.3333333333333333,0,0,0,None
82279,101,16,40389221010690,2013,2,2013,273500155489998,1,2,1,43.918434,-114.87701,62.5922,23,10,9999,0,NA,0,NA,670,114.8943,53,308,1,NA,6.018046,NA,414,6,5,0.8333333333333334,1,0,0,INSECT
82319,101,16,35371557010690,2009,2,2009,39514331010690,1,1,1,44.449284,-114.357838,94.3087,32,10,9999,0,NA,NA,NA,595,188.872,58,321,1,NA,6.018046,NA,413,1,0,0,1,0,0,INSECT
82348,101,16,11791806010690,2006,2,2006,11791809010690,1,2,1,43.689389,-114.637131,119.1101,56,0,NA,NA,NA,NA,NA,595,232.5999,55,338,1,NA,6.018046,NA,414,4,3,0.75,0,0,0,None
82376,101,16,31363815010690,2008,2,2008,31363818010690,1,2,1,45.272203,-114.772822,5.0497,35,30,2007,0,NA,NA,NA,670,9.6725,15,20,1,NA,6.018046,NA,413,6,6,1,0,0,1,FIRE
82396,101,16,5384029010690,2005,2,2005,5384032010690,1,1,1,44.369969,-114.680818,95.6412,28,10,2002,0,NA,NA,NA,735,187.8958,45,287,1,NA,6.018046,NA,413,16,0,0,1,0,0,INSECT
82400,101,16,5398212010690,2005,2,2005,5398215010690,1,1,1,44.874199,-115.349954,109.3581,26,0,NA,NA,NA,NA,NA,700,231.1921,30,268,1,NA,6.018046,NA,412,35,20,0.5714285714285714,0,0,0,None
82410,101,16,35372621010690,2009,2,2009,39528300010690,1,2,1,44.513436,-115.559623,0,35,0,NA,NA,NA,NA,NA,735,0,35,128,1,NA,6.018046,NA,402,4,4,1,0,0,0,None
82488,101,16,40391543010690,2012,2,2012,195380661020004,1,2,1,44.781583,-115.295932,72.7658,32,12,9999,0,NA,0,NA,700,138.3814,35,236,1,NA,6.018046,2010,413,4,4,1,1,0,0,INSECT
82511,101,16,11807094010690,2006,2,2006,11807097010690,1,2,1,45.161869,-114.016037,120.0483,24,0,NA,NA,NA,NA,NA,700,248.0327,45,132,1,NA,6.018046,NA,413,16,5,0.3125,0,0,0,None
82524,101,16,40390212010690,2013,2,2013,273519718489998,1,1,1,44.564812,-111.447356,62.3405,21,92,9999,0,NA,0,NA,735,145.9654,34,48,1,NA,6.018046,NA,415,20,1,0.05,0,0,0,None
82586,101,16,5398371010690,2005,2,2005,5398374010690,1,2,1,45.049348,-115.22359,115.9325,25,0,NA,NA,NA,NA,NA,595,165.668,70,264,1,NA,6.018046,2003,412,4,1,0.25,0,0,0,None
82626,101,16,31364140010690,2008,2,2011,50637564020004,1,2,2,45.283861,-115.977758,NA,NA,0,NA,NA,NA,NA,NA,0,NA,NA,NA,0.860482,NA,6.018046,NA,412,15,11,0.7333333333333333,0,0,0,None
82631,101,16,40389957010690,2013,2,2013,273517450489998,1,2,1,44.554777,-115.238975,113.5248,NA,0,NA,0,NA,0,NA,735,183.1172,22,280,1,NA,6.018046,NA,413,13,8,0.6153846153846154,0,0,0,None
82660,101,16,40391521010690,2013,2,2013,273522451489998,1,1,1,44.91402,-115.290564,125.0028,35,0,NA,0,NA,0,NA,670,217.2984,50,338,1,NA,6.018046,NA,NA,10,8,0.8,0,0,0,None
82670,101,16,40390097010690,2011,2,2011,51039729020004,1,1,1,43.875347,-115.13669,109.7274,17,0,NA,0,NA,0,NA,735,284.0775,20,220,1,NA,6.018046,NA,414,18,0,0,0,0,0,None
82678,101,16,4727300010690,2004,2,2004,4727304010690,2,1,1,45.316551,-114.761548,162.7345,24,0,NA,NA,NA,NA,NA,470,418.7484,29,78,0.472131,NA,74.965282,NA,413,44,1,0.022727272727272728,0,0,0,None
82809,101,16,11799233010690,2006,2,2006,11799236010690,1,1,1,44.455685,-114.804623,87.3083,21,10,2003,0,NA,NA,NA,670,203.7064,45,356,1,NA,6.018046,NA,413,16,2,0.125,1,0,0,INSECT
82811,101,16,31356205010690,2008,2,2008,31356208010690,1,1,1,48.858076,-116.615494,145.7708,28,0,NA,NA,NA,NA,NA,735,311.1641,70,252,1,NA,6.018046,NA,104,14,8,0.5714285714285714,0,0,0,None
82832,101,16,11799299010690,2006,2,2006,11799302010690,1,2,1,44.326768,-114.989613,81.3794,25,0,NA,NA,NA,NA,NA,700,165.3771,15,128,1,NA,6.018046,2005,413,10,9,0.9,0,0,0,None
82847,101,16,11807205010690,2006,2,2006,11807208010690,1,2,1,44.535761,-113.638923,113.281,22,0,NA,NA,NA,NA,NA,470,192.7725,50,281,1,NA,6.018046,NA,413,57,31,0.543859649122807,0,0,0,None
82883,101,16,11813173010690,2006,2,2008,11813175010690,1,2,1,45.104239,-115.535003,117.941,29,0,NA,NA,NA,NA,NA,670,254.9601,33,335,1,NA,6.018046,NA,412,11,8,0.7272727272727273,0,0,0,None
82886,101,16,11799415010690,2006,2,2006,11799418010690,1,2,1,44.638841,-114.791141,73.0631,43,0,NA,NA,NA,NA,NA,735,141.1657,55,24,1,NA,6.018046,2003,413,7,7,1,0,0,0,None
82899,101,16,5392755010690,2005,2,2005,5392758010690,1,1,1,45.083194,-113.536902,13.7493,29,0,NA,NA,NA,NA,NA,700,25.6714,5,120,1,NA,6.018046,NA,413,1,0,0,0,0,0,None
82917,101,16,35372598010690,2009,2,2009,39528362010690,1,2,1,44.871588,-115.228457,4.0969,NA,32,2006,0,NA,NA,NA,470,8.2541,50,225,0.5,NA,6.018046,2006,413,17,15,0.8823529411764706,0,0,1,FIRE
82951,101,16,40390806010690,2013,2,2013,273524217489998,1,2,1,44.582734,-113.58593,57.1786,35,12,9999,0,NA,0,NA,735,127.0779,70,92,1,NA,6.018046,NA,413,8,6,0.75,1,0,0,INSECT
82960,101,16,31368671010690,2008,2,2008,31368674010690,1,2,1,45.495905,-114.632411,111.2993,51,0,NA,NA,NA,NA,NA,595,206.5362,45,142,1,NA,6.018046,2003,413,5,3,0.6,0,0,0,None
83001,101,16,40390073010690,2012,2,2012,195362740020004,1,2,1,43.678497,-113.914108,11.2157,NA,0,NA,0,NA,0,NA,470,24.2062,32,223,1,NA,6.018046,NA,413,12,4,0.3333333333333333,0,0,0,None
83005,101,16,40390081010690,2013,2,2014,272352087489998,1,1,1,44.43497,-114.563885,95.2979,29,0,NA,0,NA,0,NA,735,260.6356,14,355,0.5,NA,74.965282,NA,413,9,4,0.4444444444444444,0,0,0,None
83021,101,16,40390330010690,2011,2,2011,51041618020004,1,1,1,46.349951,-114.921577,93.175,36,0,NA,0,NA,0,NA,700,175.637,38,176,1,NA,6.018046,NA,117,5,0,0,0,0,0,None
83069,101,16,11791914010690,2006,2,2006,11791917010690,1,1,1,43.660993,-114.120651,83.1084,33,95,9999,0,NA,NA,NA,735,181.7412,50,346,0.902497,NA,6.018046,NA,414,1,0,0,0,0,0,None
83083,101,16,4731996010690,2004,2,2004,4731999010690,1,2,1,44.633022,-114.545347,117.7134,31,0,NA,NA,NA,NA,NA,595,245.025,47,277,1,NA,6.018046,NA,413,42,20,0.47619047619047616,0,0,0,None
83091,101,16,5384168010690,2005,2,2005,5384171010690,1,1,1,43.955764,-113.497983,151.2709,39,0,NA,NA,NA,NA,NA,470,225.2844,36,161,1,NA,6.018046,NA,413,4,0,0,0,0,0,None
83092,101,16,40391488010690,2013,2,2013,273522086489998,1,2,1,45.190334,-115.480636,0,NA,0,NA,0,NA,0,NA,735,0,60,68,1,NA,6.018046,NA,412,3,3,1,0,0,0,None
83102,101,16,40390802010690,2012,2,2013,272346662489998,1,2,1,44.629056,-113.655303,66.6856,24,10,9999,0,NA,0,NA,735,124.4474,45,38,1,NA,6.018046,NA,413,18,13,0.7222222222222222,1,0,0,INSECT
83112,101,16,40389953010690,2011,2,2011,51037470020004,1,2,1,44.591746,-114.669734,88.2497,23,0,NA,0,NA,0,NA,470,155.569,47,268,1,NA,6.018046,NA,413,26,15,0.5769230769230769,0,0,0,None
83165,101,16,4732092010690,2004,2,2004,4732095010690,1,1,1,44.323445,-113.191828,150.8185,22,0,NA,NA,NA,NA,NA,595,422.8692,42,3,1,NA,6.018046,NA,415,1,0,0,0,0,0,None
83199,101,16,5387840010690,2005,2,2008,5387842010690,1,2,1,45.541364,-114.76671,164.8794,30,0,NA,NA,NA,NA,NA,670,299.4288,53,350,1,NA,6.018046,NA,103,17,14,0.8235294117647058,0,0,0,None
83271,101,16,35372619010690,2009,2,2009,39528427010690,1,2,1,44.556957,-115.366621,192.7564,48,12,9999,0,NA,NA,NA,735,288.8776,50,266,0.5,NA,6.018046,2006,413,1,1,1,1,0,0,INSECT
83296,101,16,5392831010690,2005,2,2005,5392834010690,1,1,1,44.41158,-113.323381,54.7164,NA,0,NA,NA,NA,NA,NA,470,119.8009,44,219,0.958153,NA,6.018046,NA,413,31,0,0,0,0,0,None
83316,101,16,12289596010690,2007,2,2007,12289599010690,1,2,1,45.018229,-115.988901,34.5443,34,0,NA,NA,NA,NA,NA,735,54.6898,65,76,1,NA,6.018046,NA,412,4,3,0.75,0,0,0,None
83326,101,16,40390325010690,2011,2,2012,272347757489998,1,2,1,46.389712,-114.722411,31.0264,24,0,NA,0,NA,0,NA,735,75.3306,132,35,1,NA,6.018046,NA,105,1,1,1,0,0,0,None
83329,101,16,12279769010690,2007,2,2007,12279772010690,1,1,1,45.375476,-115.84601,156.0047,31,0,NA,NA,NA,NA,NA,670,292.3884,25,240,1,NA,74.965282,NA,NA,16,9,0.5625,0,0,0,None
83333,101,16,40390482010690,2011,2,2011,51044992020004,1,2,1,45.562155,-115.713735,16.4903,37,0,NA,0,NA,0,NA,670,26.5606,100,140,1,NA,6.018046,NA,117,14,12,0.8571428571428571,0,0,0,None
83374,101,16,12276285010690,2007,2,2007,12276288010690,1,1,1,44.058874,-114.94234,157.9982,NA,0,NA,NA,NA,NA,NA,670,256.3955,28,310,0.75,NA,74.965282,NA,414,2,0,0,0,0,0,None
83394,101,16,31360411010690,2008,2,2008,31360414010690,1,1,1,44.504847,-114.612418,60.0172,15,10,9999,0,NA,NA,NA,670,120.1353,5,26,1,NA,6.018046,NA,413,8,3,0.375,1,0,0,INSECT
83428,101,16,40389958010690,2011,2,2011,51037562020004,1,2,1,44.564892,-115.170609,42.7148,47,30,2006,0,NA,0,NA,595,62.4219,48,267,1,NA,6.018046,2006,413,7,7,1,0,0,1,FIRE
83454,101,16,40389978010690,2013,2,2013,273517812489998,1,1,1,44.405009,-114.423105,114.0946,23,10,9999,0,NA,0,NA,670,248.5225,30,98,1,NA,6.018046,NA,413,26,5,0.19230769230769232,1,0,0,INSECT
83459,101,16,4737919010690,2004,2,2004,4737922010690,1,2,1,45.097101,-115.227024,139.893,24,0,NA,NA,NA,NA,NA,670,257.77,48,90,1,NA,6.018046,NA,412,15,6,0.4,0,0,0,None
83466,101,16,40391523010690,2013,2,2013,273522563489998,1,2,1,44.912332,-114.898794,0,NA,0,NA,0,NA,0,NA,700,0,5,357,1,NA,NA,2000,412,17,17,1,0,0,0,None
83508,101,16,40391558010690,2012,2,2012,195380889020004,1,2,1,44.649388,-115.803693,45.3931,45,0,NA,0,NA,0,NA,595,70.1682,70,114,1,NA,6.018046,NA,402,1,1,1,0,0,0,None
83547,101,16,40390017010690,2012,2,2013,272346940489998,1,1,1,44.193455,-114.734668,75.874,24,0,NA,0,NA,0,NA,700,173.8189,28,63,1,NA,74.965282,NA,414,3,2,0.6666666666666666,0,0,0,None
83571,101,16,37276268010690,2010,2,2010,42532186010690,1,2,1,44.957935,-115.034019,43.5669,29,0,NA,0,NA,0,NA,700,98.4837,55,280,1,NA,6.018046,2009,412,1,1,1,0,0,0,None
83600,101,16,5387968010690,2005,2,2005,5387971010690,1,2,1,45.98457,-115.069845,69.8762,43,0,NA,NA,NA,NA,NA,700,137.404,35,120,1,NA,6.018046,2003,117,5,5,1,0,0,0,None
83741,101,16,37275917010690,2010,2,2010,42517400010690,1,1,1,45.59289,-115.075096,25.7305,41,0,NA,0,NA,0,NA,700,46.1021,45,65,1,NA,6.018046,NA,117,6,1,0.16666666666666666,0,0,0,None
83788,101,16,37275487010690,2010,2,2010,42495935010690,1,1,1,43.829403,-114.6362,95.456,NA,12,9999,0,NA,0,NA,735,141.7641,53,40,1,NA,6.018046,NA,414,1,0,0,1,0,0,INSECT
83802,101,16,35371973010690,2009,2,2009,39518470010690,1,2,1,45.224696,-115.76507,1.476,26,32,2007,0,NA,NA,NA,700,5.2585,30,265,1,NA,6.018046,NA,412,3,3,1,0,0,1,FIRE
83824,101,16,12283584010690,2007,2,2007,12283588010690,2,2,1,45.697428,-113.978097,0,32,0,NA,NA,NA,NA,NA,735,0,33,238,0.579816,NA,6.018046,NA,413,2,2,1,0,0,0,None
83852,101,16,40390473010690,2012,2,2012,195368579020004,1,2,1,45.596778,-115.840476,66.9853,27,0,NA,0,NA,0,NA,735,132.5599,8,351,1,NA,6.018046,NA,117,1,1,1,0,0,0,None
83866,101,16,11807326010690,2006,2,2011,50638691020004,1,2,2,44.329418,-112.823698,NA,NA,0,NA,NA,NA,NA,NA,0,NA,NA,NA,1,NA,6.018046,NA,415,4,4,1,0,0,0,None
83894,101,16,37276276010690,2010,2,2011,50639573020004,1,2,1,44.784496,-115.358968,58.9791,43,32,2007,0,NA,0,NA,595,102.9155,70,357,0.75,NA,6.018046,2000,413,7,6,0.8571428571428571,0,0,1,FIRE
83911,101,16,35371567010690,2009,2,2009,39514459010690,1,1,1,44.375462,-115.175703,118.7419,33,10,9999,0,NA,NA,NA,595,236.0023,48,292,1,NA,6.018046,NA,413,9,3,0.3333333333333333,1,0,0,INSECT
83915,101,16,40389647010690,2012,2,2012,195357092020004,1,1,1,43.816563,-114.923049,14.7459,27,0,NA,0,NA,0,NA,735,35.4738,40,60,1,NA,74.965282,NA,414,1,0,0,0,0,0,None
83921,101,16,40389021010690,2011,2,2011,51019568020004,1,2,1,45.151598,-116.558822,48.7544,34,0,NA,0,NA,0,NA,735,99.2608,10,42,1,NA,6.018046,NA,412,1,1,1,0,0,0,None
83935,101,16,4716995010690,2004,2,2004,4716998010690,1,2,1,43.8721,-114.697703,192.1902,24,0,NA,NA,NA,NA,NA,735,401.7137,25,332,1,NA,6.018046,NA,414,18,5,0.2777777777777778,0,0,0,None
83971,101,16,40389323010690,2013,2,2013,273501922489998,1,1,1,44.060536,-115.064178,85.7855,24,0,NA,0,NA,0,NA,735,165.9676,25,340,1,NA,6.018046,NA,414,6,2,0.3333333333333333,0,0,0,None
84000,101,16,31360528010690,2008,2,2008,31360531010690,1,1,1,44.632451,-114.421818,175.4399,25,10,9999,0,NA,NA,NA,670,332.1198,63,356,0.5,NA,6.018046,NA,413,21,2,0.09523809523809523,1,0,0,INSECT
84001,101,16,12269337010690,2007,2,2007,12269340010690,1,1,1,43.551389,-114.583531,168.3199,39,0,NA,NA,NA,NA,NA,735,288.0869,45,84,0.75,NA,6.018046,NA,414,6,0,0,0,0,0,None
84069,101,16,31364582010690,2008,2,2008,31364585010690,1,2,1,45.946665,-115.006908,82.9857,51,0,NA,NA,NA,NA,NA,735,171.2336,45,10,0.75,NA,6.018046,NA,117,1,1,1,0,0,0,None
84109,101,16,40391591010690,2012,2,2012,195381897020004,1,1,1,44.294365,-115.617454,92.3376,33,0,NA,0,NA,0,NA,595,146.7332,10,167,1,NA,6.018046,NA,402,1,0,0,0,0,0,None
84127,101,16,40390049010690,2012,2,2012,195362562020004,1,2,1,43.9678,-114.940461,123.9865,32,10,2010,0,NA,0,NA,700,236.5133,35,265,1,NA,6.018046,2011,414,3,2,0.6666666666666666,1,0,0,INSECT
84128,101,16,12283667010690,2007,2,2008,12283669010690,1,2,1,44.715715,-114.595441,74.5415,36,0,NA,NA,NA,NA,NA,595,152.2014,61,64,0.75,NA,6.018046,2006,413,11,8,0.7272727272727273,0,0,0,None
84139,101,16,11813323010690,2006,2,2006,11813326010690,1,2,1,44.474357,-115.674224,129.5169,38,12,2006,0,NA,NA,NA,735,186.6129,40,213,1,NA,6.018046,NA,402,3,3,1,1,0,0,INSECT
84145,101,16,37276022010690,2010,2,2011,50638197020004,2,2,1,44.807983,-114.342405,43.9665,14,12,2008,0,NA,0,NA,735,99.4732,15,263,0.25,NA,6.018046,2009,413,4,2,0.5,1,0,0,INSECT
84196,101,16,35371320010690,2009,2,2009,39511418010690,1,1,1,43.742174,-114.828918,54.234,32,0,NA,NA,NA,NA,NA,735,121.7335,0,0,1,NA,6.018046,NA,414,1,0,0,0,0,0,None
84224,101,16,37276288010690,2010,2,2010,42533956010690,1,1,1,44.432499,-115.688947,170.3385,22,10,9999,20,9999,0,NA,735,347.6864,35,248,1,NA,6.018046,NA,402,5,1,0.2,1,0,0,INSECT
84251,101,16,35372128010690,2009,2,2009,39523199010690,1,1,1,44.729848,-113.211898,117.3243,27,0,NA,NA,NA,NA,NA,595,190.9408,60,75,1,NA,6.018046,NA,413,1,0,0,0,0,0,None
84267,101,16,40391572010690,2011,2,2011,51058229020004,2,1,1,44.512053,-115.490874,173.884,39,0,NA,0,NA,0,NA,735,297.4312,25,174,0.25,NA,6.018046,NA,402,1,0,0,0,0,0,None
84346,101,16,31368878010690,2008,2,2008,31368881010690,1,2,1,44.981924,-114.084304,158.8244,40,0,NA,NA,NA,NA,NA,700,279.0452,5,2,1,NA,6.018046,NA,413,1,1,1,0,0,0,None
84348,101,16,37275915010690,2010,2,2010,42517098010690,1,2,1,45.599541,-115.725868,142.3617,47,0,NA,0,NA,0,NA,735,255.8294,65,220,1,NA,6.018046,NA,117,2,2,1,0,0,0,None
84367,101,16,12289622010690,2007,2,2007,12289625010690,1,1,1,44.383325,-115.68524,167.433,56,0,NA,NA,NA,NA,NA,670,252.1243,60,8,1,NA,6.018046,NA,402,1,0,0,0,0,0,None
84377,101,16,40390856010690,2011,2,2011,51052114020004,1,1,1,44.563591,-113.476645,177.0331,25,0,NA,0,NA,0,NA,670,357.14,68,352,1,NA,6.018046,NA,413,33,6,0.18181818181818182,0,0,0,None
84392,101,16,40390790010690,2013,2,2013,273515167489998,1,2,1,44.72238,-114.411735,53.9152,31,10,2009,0,NA,0,NA,735,116.1326,14,343,1,NA,6.018046,2009,413,30,25,0.8333333333333334,1,0,0,INSECT
84395,101,16,11801368010690,2006,2,2011,50636980020004,2,1,1,44.652194,-111.48416,178.2559,26,0,NA,0,NA,0,NA,595,261.5032,45,43,0.25,NA,6.018046,NA,415,5,4,0.8,0,0,0,None
84410,101,16,31360619010690,2008,2,2008,31360622010690,1,1,1,44.462443,-114.742324,116.7897,43,0,NA,NA,NA,NA,NA,595,230.1107,65,160,0.753951,NA,6.018046,NA,413,1,0,0,0,0,0,None
84426,101,16,37275426010690,2010,2,2011,50629534020004,1,1,1,44.610909,-116.186369,206.7051,NA,0,NA,0,NA,0,NA,670,292.5682,0,0,1,NA,6.018046,NA,412,5,0,0,0,0,0,None
84436,101,16,31374173010690,2008,2,2008,31374176010690,1,1,1,44.975532,-115.270101,35.3107,18,0,NA,NA,NA,NA,NA,670,80.3009,60,335,1,NA,74.965282,NA,412,5,1,0.2,0,0,0,None
84449,101,16,5377438010690,2005,2,2005,5377441010690,1,1,1,43.736245,-113.995632,82.9501,37,0,NA,NA,NA,NA,NA,735,157.5903,49,115,1,NA,6.018046,NA,414,5,0,0,0,0,0,None
84476,101,16,35371791010690,2009,2,2009,39519080010690,1,2,1,46.568288,-114.456505,69.486,38,20,2005,0,NA,NA,NA,670,124.8601,70,8,1,NA,6.018046,NA,105,1,1,1,0,1,0,DISEASE
84491,101,16,5393113010690,2005,2,2005,5393116010690,1,1,1,45.082919,-114.518539,119.1253,38,0,NA,NA,NA,NA,NA,700,253.6445,55,248,1,NA,6.018046,NA,413,5,0,0,0,0,0,None
84504,101,16,31364739010690,2008,2,2008,31364743010690,2,2,1,45.375128,-116.504226,18.7014,20,0,NA,NA,NA,NA,NA,735,34.0078,33,50,0.320424,NA,6.018046,NA,616,14,12,0.8571428571428571,0,0,0,None
84505,101,16,4732267010690,2004,2,2004,4732271010690,2,1,1,44.633423,-113.51647,146.4658,NA,0,NA,NA,NA,NA,NA,595,174.4866,62,292,0.712841,NA,6.018046,NA,413,1,0,0,0,0,0,None
84524,101,16,40390562010690,2013,2,2013,273518502489998,1,2,1,45.851618,-114.480705,89.9023,18,0,NA,0,NA,0,NA,670,128.9878,34,23,0.94469,NA,6.018046,NA,103,3,3,1,0,0,0,None
84532,101,16,40390470010690,2012,2,2012,195368318020004,1,2,1,45.63815,-115.20339800000001,75.2892,44,52,2009,0,NA,0,NA,670,136.2747,22,330,1,NA,6.018046,NA,117,15,14,0.9333333333333333,0,0,0,None
84557,101,16,40389524010690,2013,2,2013,273506204489998,1,1,1,48.617116,-116.24983,202.8945,46,12,9999,22,9999,0,NA,595,341.4538,60,296,1,NA,6.018046,NA,104,1,0,0,1,0,0,INSECT
84634,101,16,5385890010690,2005,2,2005,5385893010690,1,1,1,43.92716,-115.12848,43.7713,20,0,NA,NA,NA,NA,NA,735,86.1224,45,335,1,NA,74.965282,NA,414,7,4,0.5714285714285714,0,0,0,None
84705,101,16,31361487010690,2008,2,2011,50635838020004,1,1,2,43.705101,-115.195847,NA,NA,0,NA,NA,NA,NA,NA,0,NA,NA,NA,1,NA,6.018046,NA,402,18,13,0.7222222222222222,0,0,0,None
84707,101,16,31362279010690,2008,2,2008,31362282010690,1,1,1,44.705473,-111.321487,121.3698,33,0,NA,NA,NA,NA,NA,670,249.0433,10,38,1,NA,6.018046,NA,415,22,5,0.22727272727272727,0,0,0,None
84736,101,16,5398581010690,2005,2,2005,5398584010690,1,1,1,45.058076,-115.543769,167.2907,30,0,NA,NA,NA,NA,NA,670,291.2698,15,175,0.474414,NA,6.018046,NA,412,2,1,0.5,0,0,0,None
84742,101,16,11797862010690,2006,2,2006,11797865010690,1,1,1,46.620747,-114.78109,34.5981,35,0,NA,NA,NA,NA,NA,670,68.66,20,65,1,NA,6.018046,NA,105,2,1,0.5,0,0,0,None
84744,101,16,40390497010690,2012,2,2013,272346568489998,1,2,1,45.4915,-114.827434,5.927,NA,32,2011,0,NA,0,NA,470,12.5951,40,136,1,NA,6.018046,NA,103,10,9,0.9,0,0,1,FIRE
84780,101,16,40391553010690,2011,2,2011,51057720020004,1,1,1,44.700639,-115.802391,12.9104,32,32,2007,31,2007,0,NA,700,23.5019,30,90,1,NA,6.018046,NA,402,1,0,0,0,0,1,FIRE
84798,101,16,12283771010690,2007,2,2007,12283774010690,1,2,1,44.565369,-113.616249,53.1952,NA,0,NA,NA,NA,NA,NA,470,85.0173,48,226,1,NA,6.018046,NA,413,27,17,0.6296296296296297,0,0,0,None
84814,101,16,40390537010690,2012,2,2012,195370321020004,1,1,2,45.235943,-115.994649,NA,NA,92,2012,0,NA,0,NA,NA,0,NA,NA,1,NA,6.018046,NA,NA,1,0,0,0,0,0,None
84822,101,16,4720672010690,2004,2,2004,4720675010690,1,1,1,43.814878,-114.852899,124.5243,51,0,NA,NA,NA,NA,NA,735,205.9916,18,194,1,NA,6.018046,NA,414,8,6,0.75,0,0,0,None
84876,101,16,11792700010690,2006,2,2006,11792703010690,1,2,1,44.018868,-115.318587,93.8657,24,12,9999,0,NA,NA,NA,735,183.6625,30,315,1,NA,6.018046,NA,402,2,1,0.5,1,0,0,INSECT
84884,101,16,12276399010690,2007,2,2008,12276401010690,1,1,1,44.545595,-114.602515,65.4271,24,10,9999,0,NA,NA,NA,700,148.1696,52,10,1,NA,74.965282,NA,413,4,0,0,1,0,0,INSECT
84907,101,16,12283943010690,2007,2,2007,12283946010690,1,1,1,45.437436,-113.815373,55.5568,22,0,NA,NA,NA,NA,NA,470,120.9008,50,147,1,NA,6.018046,NA,413,36,15,0.4166666666666667,0,0,0,None
84917,101,16,40390471010690,2012,2,2013,272346355489998,1,1,2,45.628558,-114.823812,NA,NA,0,NA,NA,NA,NA,NA,0,NA,NA,NA,1,NA,74.965282,NA,103,6,0,0,0,0,0,None
84926,101,16,35372639010690,2009,2,2009,39528701010690,1,1,1,45.028904,-115.245056,46.478,28,12,9999,0,NA,NA,NA,470,90.8201,55,256,1,NA,74.965282,NA,412,52,43,0.8269230769230769,1,0,0,INSECT
84938,101,16,40390107010690,2012,2,2012,195363282020004,1,2,1,43.699152,-115.08326,2.4275,29,0,NA,0,NA,0,NA,735,4.7277,65,265,1,NA,6.018046,NA,414,2,2,1,0,0,0,None
85004,101,16,4738249010690,2004,2,2004,4738252010690,1,1,1,45.145501,-115.403771,23.3383,16,0,NA,NA,NA,NA,NA,735,51.1391,55,4,1,NA,6.018046,NA,412,8,5,0.625,0,0,0,None
85020,101,16,37275914010690,2010,2,2010,42516938010690,1,1,1,45.609197,-115.92187,114.003,35,0,NA,0,NA,0,NA,700,230.7901,20,290,1,NA,6.018046,NA,117,5,2,0.4,0,0,0,None
85048,101,16,12276422010690,2007,2,2007,12276425010690,1,1,1,44.450742,-113.454336,108.2138,22,46,9999,0,NA,NA,NA,470,195.0296,55,146,1,NA,6.018046,NA,413,24,1,0.041666666666666664,0,0,0,None
85136,101,16,37276294010690,2010,2,2010,42534701010690,1,2,1,45.136317,-115.896618,51.5001,33,12,9999,0,NA,0,NA,700,96.4854,50,162,0.75,NA,6.018046,2009,412,6,3,0.5,1,0,0,INSECT
85149,101,16,11807350010690,2006,2,2006,11807353010690,1,2,1,45.46309,-113.843775,164.8094,29,0,NA,NA,NA,NA,NA,700,370.1349,40,300,1,NA,6.018046,NA,413,7,4,0.5714285714285714,0,0,0,None
85167,101,16,40389019010690,2013,2,2013,273502082489998,1,1,1,45.1958,-116.623776,8.1948,NA,0,NA,0,NA,0,NA,670,17.0648,68,295,1,NA,6.018046,NA,412,8,4,0.5,0,0,0,None
85218,101,16,37276297010690,2010,2,2010,42535036010690,1,1,1,44.485337,-115.521434,127.4256,26,0,NA,0,NA,0,NA,595,186.898,80,184,1,NA,6.018046,NA,413,3,0,0,0,0,0,None
85226,101,16,40389465010690,2012,2,2012,195355028020004,1,1,1,43.357151,-111.306586,54.5965,36,0,NA,0,NA,0,NA,735,107.3842,46,342,1,NA,6.018046,NA,415,1,0,0,0,0,0,None
85259,101,16,40390530010690,2012,2,2012,195369670020004,1,1,1,45.311674,-114.832326,54.5608,25,0,NA,0,NA,0,NA,700,113.3629,55,254,0.75,NA,6.018046,NA,412,4,0,0,0,0,0,None
85263,101,16,40390462010690,2013,2,2013,273514171489998,1,2,1,45.684607,-115.146375,148.8334,42,0,NA,0,NA,0,NA,670,272.6799,25,357,1,NA,6.018046,NA,117,3,3,1,0,0,0,None
85270,101,16,35371617010690,2009,2,2009,39514700010690,1,1,1,43.951624,-114.382878,66.1504,22,10,9999,0,NA,NA,NA,735,135.2034,5,92,1,NA,6.018046,NA,413,22,10,0.45454545454545453,1,0,0,INSECT
85309,101,16,11807488010690,2006,2,2006,11807491010690,1,2,1,44.682785,-114.671499,118.1376,49,0,NA,NA,NA,NA,NA,595,188.8527,45,134,1,NA,6.018046,NA,413,2,2,1,0,0,0,None
85311,101,16,11813535010690,2006,2,2008,11813537010690,1,2,1,44.82784,-115.362715,0,21,32,2007,0,NA,NA,NA,470,0,50,290,1,NA,6.018046,NA,413,22,22,1,0,0,1,FIRE
85329,101,16,4723977010690,2004,2,2004,4723980010690,1,2,1,44.506678,-115.047556,99.063,29,12,9999,0,NA,NA,NA,700,190.0044,52,48,1,NA,6.018046,2003,413,3,3,1,1,0,0,INSECT
85343,101,16,31365027010690,2008,2,2008,31365030010690,1,1,1,45.602887,-114.785483,73.8544,22,22,9999,0,NA,NA,NA,470,156.5419,35,317,1,NA,6.018046,NA,103,42,25,0.5952380952380952,0,1,0,DISEASE
85394,101,16,40390103010690,2011,2,2012,51039807020004,1,1,1,43.747152,-115.257443,51.636,20,0,NA,0,NA,0,NA,735,102.6397,38,87,1,NA,6.018046,NA,402,1,0,0,0,0,0,None
85418,101,16,11807524010690,2006,2,2006,11807527010690,1,2,1,44.635894,-114.485575,122.08,25,0,NA,NA,NA,NA,NA,470,196.6611,60,125,1,NA,6.018046,NA,413,14,2,0.14285714285714285,0,0,0,None
85424,101,16,40390089010690,2013,2,2013,273507148489998,2,2,1,44.06306,-114.401609,141.6616,39,10,9999,0,NA,0,NA,595,221.8703,57,299,0.25,NA,6.018046,NA,NA,18,16,0.8888888888888888,1,0,0,INSECT
85448,101,16,4724039010690,2004,2,2004,4724042010690,1,2,1,44.461403,-114.863658,80.456,26,0,NA,NA,NA,NA,NA,735,200.8047,60,62,1,NA,6.018046,NA,413,12,7,0.5833333333333334,0,0,0,None
85487,101,16,12289766010690,2007,2,2007,12289769010690,1,2,1,44.520029,-115.618355,67.603,25,0,NA,NA,NA,NA,NA,735,126.6196,10,32,1,NA,6.018046,NA,402,1,1,1,0,0,0,None
85505,101,16,31361027010690,2008,2,2011,50634510020004,2,2,1,43.995243,-114.385152,3.9715,18,22,9999,0,NA,0,NA,735,9.249,60,20,0.25,NA,6.018046,NA,413,12,12,1,0,1,0,DISEASE
85527,101,16,35371603010690,2009,2,2009,39514774010690,1,2,1,44.089603,-114.37658,70.7802,29,10,9999,0,NA,NA,NA,595,104.3977,72,41,0.5,NA,6.018046,NA,413,6,6,1,1,0,0,INSECT
85548,101,16,12277383010690,2007,2,2007,12277386010690,1,1,1,43.615021,-115.386349,112.4237,44,0,NA,NA,NA,NA,NA,595,180.2549,84,331,0.75,NA,6.018046,NA,402,1,0,0,0,0,0,None
85557,101,16,5393380010690,2005,2,2005,5393383010690,1,1,1,44.77322,-114.536356,101.9466,27,0,NA,NA,NA,NA,NA,700,231.2408,44,119,1,NA,74.965282,NA,413,8,1,0.125,0,0,0,None
85562,101,16,11799707010690,2006,2,2006,11799710010690,1,1,1,44.136276,-114.804649,127.8837,26,0,NA,NA,NA,NA,NA,470,207.6685,47,116,1,NA,6.018046,NA,414,18,3,0.16666666666666666,0,0,0,None
85594,101,16,12284183010690,2007,2,2007,12284186010690,1,1,1,44.726163,-113.665344,128.4529,27,0,NA,NA,NA,NA,NA,735,260.5489,28,256,1,NA,6.018046,NA,413,39,18,0.46153846153846156,0,0,0,None
85647,101,16,4732357010690,2004,2,2004,4732360010690,1,1,1,44.549516,-113.397466,104.5663,NA,0,NA,NA,NA,NA,NA,595,168.9303,34,250,1,NA,6.018046,NA,413,1,0,0,0,0,0,None
85662,101,16,35372074010690,2009,2,2009,39523391010690,1,2,1,45.354154,-114.578415,93.4711,43,0,NA,NA,NA,NA,NA,735,171.9109,60,74,1,NA,6.018046,NA,413,4,3,0.75,0,0,0,None
85669,101,16,40390778010690,2012,2,2012,195374040020004,1,2,1,44.860814,-113.465899,65.7521,25,12,9999,0,NA,0,NA,470,176.0902,40,310,1,NA,6.018046,2008,NA,3,3,1,1,0,0,INSECT
85691,101,16,12277439010690,2007,2,2007,12277442010690,1,2,1,43.745294,-115.080866,0,NA,32,2003,0,NA,NA,NA,735,0,46,240,1,NA,6.018046,2003,402,2,2,1,0,0,1,FIRE
85736,101,16,35371067010690,2009,2,2011,50630476020004,1,2,2,43.731429,-114.220884,NA,NA,0,NA,NA,NA,NA,NA,0,NA,NA,NA,1,NA,6.018046,2009,414,9,7,0.7777777777777778,0,0,0,None
85778,101,16,40390331010690,2013,2,2013,273521421489998,1,2,1,46.352467,-114.860435,70.3907,44,0,NA,0,NA,0,NA,670,127.0501,96,319,0.75,NA,6.018046,NA,105,3,3,1,0,0,0,None
85821,101,16,40390481010690,2013,2,2013,273514361489998,1,2,1,45.55593,-115.970709,86.7064,39,0,NA,0,NA,0,NA,735,164.9286,14,287,1,NA,6.018046,NA,117,7,7,1,0,0,0,None
85857,101,16,40390067010690,2011,2,2011,51039365020004,1,2,1,43.756992,-113.987724,31.997,NA,12,9999,0,NA,0,NA,470,64.9301,42,180,0.75,NA,6.018046,2008,413,31,22,0.7096774193548387,1,0,0,INSECT
85858,101,16,40391579010690,2013,2,2014,272352278489998,1,1,1,44.421596,-115.249335,59.775,22,0,NA,0,NA,0,NA,670,135.9542,48,8,1,NA,6.018046,NA,413,13,8,0.6153846153846154,0,0,0,None
85871,101,16,40389993010690,2012,2,2012,195361802020004,1,2,1,44.315587,-114.614119,53.9881,28,0,NA,0,NA,0,NA,735,116.2226,38,128,1,NA,6.018046,NA,413,4,1,0.25,0,0,0,None
85906,101,16,40390723010690,2013,2,2013,273510779489998,1,1,1,45.389701,-113.748985,28.7607,37,92,9999,0,NA,0,NA,595,46.0359,38,180,1,NA,6.018046,NA,413,2,0,0,0,0,0,None
85964,101,16,5384695010690,2005,2,2005,5384698010690,1,1,1,44.054884,-115.001383,126.2261,25,0,NA,NA,NA,NA,NA,470,188.2337,50,286,0.822153,NA,6.018046,NA,414,2,0,0,0,0,0,None
85998,101,16,12280596010690,2007,2,2008,12280598010690,1,2,1,45.36859,-115.339297,0,NA,32,2007,0,NA,NA,NA,700,0,10,263,0.75,NA,6.018046,NA,412,12,12,1,0,0,1,FIRE
86007,101,16,40391503010690,2011,2,2011,51056798020004,1,1,1,45.053313,-115.350382,39.2747,NA,0,NA,0,NA,0,NA,470,84.3101,35,325,1,NA,6.018046,NA,412,31,15,0.4838709677419355,0,0,0,None
86033,101,16,37275912010690,2010,2,2010,42516814010690,1,2,2,45.632545,-114.883417,NA,NA,0,NA,0,NA,0,NA,NA,0,NA,NA,1,NA,6.018046,NA,103,3,3,1,0,0,0,None
86068,101,16,40390792010690,2013,2,2013,273523015489998,1,1,1,44.716882,-113.778057,69.1539,26,0,NA,0,NA,0,NA,595,120.5827,63,180,1,NA,6.018046,NA,413,16,3,0.1875,0,0,0,None
86102,101,16,40390805010690,2011,2,2011,51051560020004,1,1,1,44.585146,-113.643397,65.7061,32,0,NA,0,NA,0,NA,470,84.7666,65,224,1,NA,6.018046,NA,413,1,0,0,0,0,0,None
86108,101,16,5375875010690,2005,2,2005,5375878010690,1,2,1,45.202518,-116.559044,67.8769,32,0,NA,NA,NA,NA,NA,735,127.2893,65,35,0.75,NA,6.018046,NA,412,3,2,0.6666666666666666,0,0,0,None
86124,101,16,40390483010690,2013,2,2013,273522913489998,1,1,1,45.553896,-115.654325,67.5943,30,0,NA,0,NA,0,NA,735,145.8423,66,284,1,NA,6.018046,NA,117,5,2,0.4,0,0,0,None
86157,101,16,5384740010690,2005,2,2005,5384743010690,1,2,1,43.910861,-114.326973,58.4177,34,0,NA,NA,NA,NA,NA,595,98.1956,49,90,1,NA,6.018046,2000,413,2,2,1,0,0,0,None
86178,101,16,40389223010690,2012,2,2012,195351552020004,1,1,1,43.86669,-114.450568,85.749,NA,0,NA,0,NA,0,NA,595,125.3727,85,175,1,NA,6.018046,NA,414,3,1,0.3333333333333333,0,0,0,None
86218,101,16,5393490010690,2005,2,2005,5393493010690,1,1,1,45.243109,-114.541741,201.9914,51,0,NA,NA,NA,NA,NA,735,357.6384,68,257,1,NA,6.018046,NA,413,11,1,0.09090909090909091,0,0,0,None
86221,101,16,31357217010690,2008,2,2008,31357220010690,1,1,1,43.653294,-115.016136,98.0384,34,0,NA,NA,NA,NA,NA,735,224.136,85,328,0.75,NA,74.965282,NA,414,4,2,0.5,0,0,0,None
86287,101,16,12276645010690,2007,2,2007,12276648010690,1,2,1,44.555258,-114.92438,0,NA,30,2006,0,NA,NA,NA,735,0,23,39,1,NA,6.018046,NA,413,1,1,1,0,0,1,FIRE
86288,101,16,31374523010690,2008,2,2011,50639474020004,1,1,2,44.967326,-115.927241,NA,NA,0,NA,NA,NA,NA,NA,0,NA,NA,NA,1,NA,6.018046,NA,412,1,0,0,0,0,0,None
86331,101,16,37275525010690,2010,2,2010,42496923010690,1,1,1,43.969869,-115.324875,16.6259,22,0,NA,0,NA,0,NA,735,41.3699,60,72,1,NA,74.965282,NA,402,3,0,0,0,0,0,None
86335,101,16,40391536010690,2011,2,2011,51057374020004,1,1,1,44.834845,-115.863597,71.0438,27,0,NA,0,NA,0,NA,735,127.7693,35,30,0.75,NA,6.018046,NA,412,2,0,0,0,0,0,None
86344,101,16,5386029010690,2005,2,2011,50636518020004,1,1,2,43.593609,-115.469971,NA,NA,0,NA,NA,NA,NA,NA,0,NA,NA,NA,1,NA,6.018046,NA,402,1,0,0,0,0,0,None
86362,101,16,4720770010690,2004,2,2004,4720773010690,1,1,1,43.517587,-115.024782,29.3925,NA,0,NA,NA,NA,NA,NA,470,50.4337,49,192,1,NA,6.018046,NA,414,10,3,0.3,0,0,0,None
86371,101,16,5380969010690,2005,2,2005,5380972010690,1,1,1,43.784122000000004,-114.831484,40.3191,40,0,NA,NA,NA,NA,NA,670,78.7602,40,45,1,NA,6.018046,NA,414,5,0,0,0,0,0,None
86390,101,16,35372608010690,2009,2,2009,39528918010690,1,1,1,44.737277,-115.425648,71.7683,29,32,2007,0,NA,NA,NA,735,163.3767,16,15,1,NA,6.018046,NA,413,11,4,0.36363636363636365,0,0,1,FIRE
86410,101,16,5398798010690,2005,2,2005,5398801010690,1,1,1,44.867089,-115.552612,115.7899,24,0,NA,NA,NA,NA,NA,700,222.6195,40,260,1,NA,6.018046,NA,402,9,0,0,0,0,0,None
86444,101,16,4724352010690,2004,2,2004,4724355010690,1,2,1,44.047936,-114.37872,87.3377,27,0,NA,NA,NA,NA,NA,735,158.8213,65,324,1,NA,6.018046,NA,413,9,9,1,0,0,0,None
86469,101,16,11807680010690,2006,2,2006,11807683010690,1,2,1,45.444788,-114.506581,103.9395,28,0,NA,NA,NA,NA,NA,735,218.1801,47,325,1,NA,6.018046,NA,413,3,2,0.6666666666666666,0,0,0,None
86475,101,16,4724425010690,2004,2,2004,4724428010690,1,2,1,43.855062,-114.009417,29.4186,NA,10,9999,0,NA,NA,NA,470,63.6346,65,24,1,NA,6.018046,NA,413,23,11,0.4782608695652174,1,0,0,INSECT
86490,101,16,11804085010690,2006,2,2008,11804087010690,1,1,1,45.326356,-115.340018,12.5342,30,0,NA,NA,NA,NA,NA,700,24.8042,35,87,0.5,NA,6.018046,NA,412,1,0,0,0,0,0,None
86533,101,16,35372584010690,2009,2,2009,39529031010690,1,2,1,45.050726,-115.415557,87.4675,33,0,NA,NA,NA,NA,NA,670,151.9129,38,50,1,NA,6.018046,NA,412,4,3,0.75,0,0,0,None
86559,101,16,40390411010690,2013,2,2013,273530058489998,1,2,1,45.903173,-115.001918,64.779,30,12,2010,0,NA,0,NA,700,134.4336,21,254,1,NA,6.018046,2005,117,13,6,0.46153846153846156,1,0,0,INSECT
86568,101,16,35372158010690,2009,2,2009,39523541010690,1,1,1,44.571739,-113.56116,36.3253,NA,10,2008,0,NA,NA,NA,470,56.6891,0,0,1,NA,6.018046,NA,413,6,0,0,1,0,0,INSECT
86674,101,16,31374601010690,2008,2,2008,31374604010690,1,1,1,44.601907,-115.421988,78.4415,36,0,NA,NA,NA,NA,NA,700,134.6394,30,156,1,NA,6.018046,NA,413,4,1,0.25,0,0,0,None
86681,101,16,4729194010690,2004,2,2004,4729197010690,1,1,1,45.321777,-115.406097,124.8417,30,0,NA,NA,NA,NA,NA,700,243.14,65,260,1,NA,6.018046,NA,412,6,1,0.16666666666666666,0,0,0,None
86696,101,16,40391520010690,2011,2,2011,51056966020004,1,1,1,44.920339,-115.357681,26.2092,23,31,2007,0,NA,0,NA,735,50.2701,30,20,1,NA,6.018046,NA,412,1,0,0,0,0,1,FIRE
86756,101,16,11807768010690,2006,2,2006,11807771010690,1,1,1,44.861159,-114.351997,181.1784,49,0,NA,NA,NA,NA,NA,670,320.3311,12,21,1,NA,6.018046,NA,413,1,0,0,0,0,0,None
86881,101,16,12269454010690,2007,2,2007,12269457010690,1,1,1,43.87862,-114.941225,137.8834,31,0,NA,NA,NA,NA,NA,670,329.6684,40,344,1,NA,74.965282,NA,414,3,0,0,0,0,0,None
86889,101,16,12290043010690,2007,2,2008,12290045010690,1,2,1,44.688931,-115.297058,95.9574,44,0,NA,NA,NA,NA,NA,595,154.7181,45,22,0.75,NA,6.018046,NA,413,7,7,1,0,0,0,None
86918,101,16,37276026010690,2010,2,2010,42524659010690,1,1,1,44.673087,-113.839327,98.7005,25,12,9999,0,NA,0,NA,735,214.1646,43,277,1,NA,6.018046,NA,413,15,8,0.5333333333333333,1,0,0,INSECT
86939,101,16,4724556010690,2004,2,2004,4724559010690,1,1,1,44.360283,-114.365018,67.65,NA,0,NA,NA,NA,NA,NA,470,133.367,27,248,1,NA,6.018046,NA,413,23,3,0.13043478260869565,0,0,0,None
86947,101,16,40390082010690,2012,2,2013,272346024489998,2,2,1,44.346612,-114.790171,0,NA,0,NA,0,NA,0,NA,735,0,24,142,0.25,NA,6.018046,NA,413,1,1,1,0,0,0,None
86955,101,16,40391601010690,2011,2,2011,51059020020004,1,2,1,45.025251,-115.175359,19.0548,37,0,NA,0,NA,0,NA,595,32.5006,70,206,1,NA,6.018046,NA,412,2,2,1,0,0,0,None
86961,101,16,40390004010690,2013,2,2014,272352578489998,1,2,1,44.266174,-113.570064,58.2488,25,0,NA,0,NA,0,NA,735,131.4675,33,330,1,NA,6.018046,NA,NA,25,25,1,0,0,0,None
86969,101,16,40390016010690,2013,2,2013,273530344489998,1,1,1,44.192892,-115.060282,54.0264,13,92,9999,0,NA,0,NA,735,159.3194,50,348,1,NA,6.018046,NA,414,11,0,0,0,0,0,None
86998,101,16,37276295010690,2010,2,2010,42534783010690,1,1,1,44.93219,-115.385901,65.8853,25,31,2008,0,NA,0,NA,700,139.0276,25,245,1,NA,74.965282,NA,412,1,0,0,0,0,1,FIRE
87050,101,16,12281099010690,2007,2,2008,31348664010690,2,1,1,45.226116,-114.831087,164.0269,48,0,NA,95,2005,0,NA,670,293.4125,38,40,0.25,NA,6.018046,NA,413,2,1,0.5,0,0,0,None
87071,101,16,5377574010690,2005,2,2005,5377577010690,1,1,1,43.832302,-114.762169,262.7483,54,12,9999,0,NA,NA,NA,595,411.6813,43,48,0.961927,NA,6.018046,NA,414,4,1,0.25,1,0,0,INSECT
87078,101,16,11813713010690,2006,2,2011,50639315020004,1,1,1,45.106821,-115.861234,77.2155,30,0,NA,0,NA,0,NA,670,180.1029,5,315,0.666078,NA,6.018046,NA,412,13,1,0.07692307692307693,0,0,0,None
87181,101,16,35371807010690,2009,2,2009,39520279010690,1,1,1,46.353282,-114.652764,127.2416,40,0,NA,NA,NA,NA,NA,670,263.3733,20,30,1,NA,74.965282,NA,105,2,0,0,0,0,0,None
87200,101,16,40390310010690,2011,2,2011,51041131020004,1,2,1,46.560844,-114.393539,0,22,30,2007,0,NA,0,NA,735,0,28,165,1,NA,6.018046,2007,105,4,4,1,0,0,1,FIRE
87215,101,16,5384999010690,2005,2,2005,5385002010690,1,2,1,44.542346,-114.675217,101.2005,21,10,9999,0,NA,NA,NA,735,195.773,30,297,1,NA,6.018046,NA,413,19,11,0.5789473684210527,1,0,0,INSECT
87303,101,16,4732557010690,2004,2,2004,4732560010690,1,2,1,44.52747,-113.05262,182.7045,25,0,NA,NA,NA,NA,NA,670,339.1854,41,338,1,NA,6.018046,NA,413,39,14,0.358974358974359,0,0,0,None
87357,101,16,40389962010690,2011,2,2011,51037750020004,1,2,1,44.537561,-114.482698,53.4022,24,12,9999,0,NA,0,NA,470,141.8552,9,146,1,NA,6.018046,2008,413,8,5,0.625,1,0,0,INSECT
87367,101,16,12276738010690,2007,2,2007,12276741010690,1,2,1,43.772396,-114.082904,51.9018,NA,30,2005,0,NA,NA,NA,595,61.672,45,225,1,NA,6.018046,2005,413,2,2,1,0,0,1,FIRE
87370,101,16,35371066010690,2009,2,2009,39508023010690,1,1,1,43.732123,-114.521667,126.5629,33,0,NA,NA,NA,NA,NA,735,224.6286,43,288,0.75,NA,6.018046,NA,414,5,1,0.2,0,0,0,None
87387,101,16,40389229010690,2013,2,2013,273500364489998,1,1,1,43.769182,-114.205723,148.5432,44,0,NA,0,NA,0,NA,735,284.1158,52,78,1,NA,6.018046,NA,414,15,2,0.13333333333333333,0,0,0,None
87401,101,16,31365727010690,2008,2,2008,31365730010690,1,1,1,45.644442,-115.653432,100.3532,33,0,NA,NA,NA,NA,NA,670,173.7644,55,70,1,NA,6.018046,NA,117,1,0,0,0,0,0,None
87413,101,16,40391396010690,2011,2,2011,51055547020004,1,2,1,46.98521,-115.284586,146.2671,NA,0,NA,0,NA,0,NA,735,264.542,30,253,1,NA,6.018046,NA,104,2,2,1,0,0,0,None
87418,101,16,4732699010690,2004,2,2004,4732702010690,1,1,1,45.028012,-114.074277,56.7086,25,0,NA,NA,NA,NA,NA,670,125.9331,22,44,1,NA,6.018046,NA,413,8,5,0.625,0,0,0,None
87450,101,16,5393622010690,2005,2,2005,5393625010690,1,1,1,45.21643,-113.670561,106.9873,22,0,NA,NA,NA,NA,NA,470,179.9376,66,184,0.5,NA,6.018046,NA,NA,11,0,0,0,0,0,None
87466,101,16,12281232010690,2007,2,2007,12281235010690,1,1,1,46.220706,-115.181578,74.5756,22,0,NA,NA,NA,NA,NA,735,164.8571,45,208,1,NA,6.018046,NA,105,1,0,0,0,0,0,None
87478,101,16,40390055010690,2013,2,2014,325208597489998,1,1,1,43.960383,-113.55995,54.1547,29,0,NA,0,NA,0,NA,470,71.688,67,237,1,NA,6.018046,NA,413,6,2,0.3333333333333333,0,0,0,None
87479,101,16,4717334010690,2004,2,2004,4717337010690,1,1,1,43.860447,-114.388122,22.9605,22,0,NA,NA,NA,NA,NA,735,39.9389,55,125,1,NA,6.018046,NA,414,2,0,0,0,0,0,None
87489,101,16,12270086010690,2007,2,2008,12270088010690,1,2,1,44.061371,-115.253444,9.0918,NA,31,2007,0,NA,NA,NA,595,14.7763,68,272,1,NA,6.018046,2007,402,1,1,1,0,0,1,FIRE
87507,101,16,5385211010690,2005,2,2008,5385213010690,1,1,1,44.417363,-114.863366,126.6079,49,0,NA,NA,NA,NA,NA,595,250.0278,55,273,1,NA,6.018046,NA,413,4,0,0,0,0,0,None
87587,101,16,40389616010690,2013,2,2014,325208347489998,1,1,1,43.735781,-114.704125,117.2431,32,0,NA,0,NA,0,NA,735,248.0672,38,310,1,NA,6.018046,NA,414,3,0,0,0,0,0,None
87619,101,16,31359386010690,2008,2,2008,31359389010690,1,2,1,46.763483,-115.369736,198.062,26,22,9999,0,NA,NA,NA,735,312.7719,51,338,1,NA,6.018046,2002,105,1,1,1,0,1,0,DISEASE
87636,101,16,35371546010690,2009,2,2009,39515344010690,1,1,1,44.592301,-114.734248,80.4824,33,30,2006,10,9999,0,NA,595,139.5088,65,273,1,NA,6.018046,NA,413,2,1,0.5,0,0,1,FIRE
87684,101,16,35371319010690,2009,2,2009,39511564010690,1,1,1,43.773208,-114.712574,142.5684,25,0,NA,NA,NA,NA,NA,595,212.3073,68,326,1,NA,6.018046,NA,414,4,1,0.25,0,0,0,None
87693,101,16,4738780010690,2004,2,2004,4738783010690,1,2,1,44.952878,-114.911025,0,NA,32,2000,0,NA,NA,NA,595,0,90,25,1,NA,6.018046,2000,413,1,1,1,0,0,1,FIRE
87710,101,16,37276263010690,2010,2,2010,42531706010690,1,2,1,45.010204,-115.412701,4.4166,NA,30,2007,0,NA,0,NA,735,7.6311,65,33,1,NA,6.018046,2007,412,2,1,0.5,0,0,1,FIRE
87723,101,16,35372109010690,2009,2,2011,50638079020004,1,1,2,44.896729,-114.212563,NA,NA,95,9999,NA,NA,NA,NA,0,NA,NA,NA,1,NA,74.965282,NA,413,1,0,0,0,0,0,None
87729,101,16,40390214010690,2012,2,2012,195364090020004,1,1,1,44.526852,-111.441277,171.0027,38,0,NA,0,NA,0,NA,735,257.9042,11,74,1,NA,6.018046,NA,415,11,3,0.2727272727272727,0,0,0,None
87786,101,16,40390065010690,2012,2,2012,195362672020004,1,1,1,43.863802,-113.743922,87.5807,NA,10,9999,22,9999,92,9999,470,152.7955,48,268,1,NA,6.018046,NA,413,21,3,0.14285714285714285,1,0,0,INSECT
87801,101,16,35372063010690,2009,2,2009,39523838010690,1,1,1,45.536713,-114.564613,70.8783,42,0,NA,NA,NA,NA,NA,595,131.9735,64,74,1,NA,74.965282,NA,413,1,0,0,0,0,0,None
87808,101,16,12273251010690,2007,2,2007,12273254010690,1,2,1,43.787459,-114.770215,99.9989,27,0,NA,NA,NA,NA,NA,735,208.5512,99,270,0.75,NA,6.018046,NA,414,12,5,0.4166666666666667,0,0,0,None
87882,101,16,12284547010690,2007,2,2007,12284550010690,1,2,1,45.081867,-114.459731,125.9093,47,0,NA,NA,NA,NA,NA,595,203.7745,48,228,1,NA,6.018046,2002,413,9,3,0.3333333333333333,0,0,0,None
87914,101,16,12290233010690,2007,2,2008,12290235010690,1,1,1,44.738822,-115.799182,104.9009,37,0,NA,NA,NA,NA,NA,670,178.6732,70,69,0.5,NA,6.018046,NA,402,1,0,0,0,0,0,None
87970,101,16,35372097010690,2009,2,2009,39523889010690,1,1,1,45.039846,-114.585609,59.0925,25,0,NA,NA,NA,NA,NA,700,117.1197,66,287,1,NA,6.018046,NA,413,3,0,0,0,0,0,None
87992,101,16,11813891010690,2006,2,2006,11813894010690,1,1,1,44.762202,-115.842468,85.5493,34,0,NA,NA,NA,NA,NA,670,153.9547,30,247,1,NA,6.018046,NA,412,2,0,0,0,0,0,None
88004,101,16,11813942010690,2006,2,2006,11813945010690,1,1,1,45.14563,-115.345352,122.3734,28,0,NA,NA,NA,NA,NA,670,288.3194,27,50,1,NA,74.965282,NA,412,2,0,0,0,0,0,None
88019,101,16,35371562010690,2009,2,2009,39515412010690,1,1,1,44.411918,-114.737358,65.6589,32,30,2006,10,9999,0,NA,595,93.3724,43,181,0.75,NA,6.018046,NA,413,5,3,0.6,0,0,1,FIRE
88026,101,16,37276037010690,2010,2,2010,42525087010690,2,2,1,45.295641,-113.70313,34.1595,NA,0,NA,0,NA,0,NA,470,67.5672,90,183,0.5,NA,6.018046,NA,413,11,3,0.2727272727272727,0,0,0,None
88032,101,16,12290244010690,2007,2,2007,12290247010690,1,2,1,44.882378,-115.799293,86.3817,33,0,NA,NA,NA,NA,NA,700,153.5418,30,120,1,NA,6.018046,NA,412,4,1,0.25,0,0,0,None
88056,101,16,4732769010690,2004,2,2004,4732772010690,1,2,1,44.817332,-114.722053,25.4323,33,0,NA,NA,NA,NA,NA,670,61.3759,0,0,1,NA,6.018046,NA,413,1,1,1,0,0,0,None
88060,101,16,37276265010690,2010,2,2010,42531903010690,1,2,1,44.997875,-114.847063,0,NA,92,2007,0,NA,0,NA,735,0,65,1,1,NA,6.018046,2000,413,4,4,1,0,0,0,None
88065,101,16,40391541010690,2012,2,2012,195380548020004,1,1,1,44.784195,-115.806084,83.2838,38,0,NA,0,NA,0,NA,735,150.1217,35,141,1,NA,6.018046,NA,412,3,0,0,0,0,0,None
88069,101,16,4729863010690,2004,2,2004,4729866010690,1,2,1,46.477787,-114.463731,102.0459,39,0,NA,NA,NA,NA,NA,735,202.4264,45,46,1,NA,6.018046,NA,105,22,22,1,0,0,0,None
88115,101,16,11804947010690,2006,2,2006,11804950010690,1,1,1,46.123153,-114.536203,75.3376,25,0,NA,NA,NA,NA,NA,735,129.539,80,230,1,NA,74.965282,NA,117,15,11,0.7333333333333333,0,0,0,None
88118,101,16,40390260010690,2011,2,2011,51041053020004,1,1,2,44.568199,-111.487681,NA,NA,0,NA,NA,NA,NA,NA,0,NA,NA,NA,1,NA,6.018046,NA,415,2,0,0,0,0,0,None
88130,101,16,12281691010690,2007,2,2007,12281694010690,1,2,1,45.890677,-114.487763,31.4263,30,0,NA,NA,NA,NA,NA,735,65.1253,50,170,1,NA,6.018046,NA,103,3,3,1,0,0,0,None
88135,101,16,40390223010690,2013,2,2013,273515285489998,1,1,1,44.39056,-111.065251,150.8545,32,0,NA,0,NA,0,NA,700,306.6351,25,180,1,NA,6.018046,NA,NA,1,0,0,0,0,0,None
88137,101,16,12276951010690,2007,2,2007,12276954010690,1,1,1,44.261373,-114.77804,112.4208,36,0,NA,NA,NA,NA,NA,595,242.3454,80,1,1,NA,74.965282,NA,414,1,0,0,0,0,0,None
88147,101,16,12277026010690,2007,2,2007,12277029010690,1,2,1,43.791926,-113.770431,24.406,24,46,9999,0,NA,NA,NA,735,48.2306,45,348,1,NA,6.018046,NA,413,10,9,0.9,0,0,0,None
88161,101,16,40390027010690,2011,2,2011,51038973020004,1,2,1,44.13174,-113.621211,141.2693,27,0,NA,0,NA,0,NA,670,205.5299,73,10,1,NA,6.018046,NA,NA,1,1,1,0,0,0,None
88217,101,16,35371060010690,2009,2,2009,39508253010690,1,1,1,43.916963,-114.694837,257.4921,31,10,9999,0,NA,NA,NA,470,410.5171,29,248,0.594817,NA,6.018046,NA,414,24,3,0.125,1,0,0,INSECT
88234,101,16,35371568010690,2009,2,2009,39515454010690,1,1,1,44.372042,-114.865285,78.7981,33,10,9999,0,NA,NA,NA,735,201.191,35,58,0.75,NA,6.018046,NA,413,1,0,0,1,0,0,INSECT
88240,101,16,35371122010690,2009,2,2009,39508673010690,1,1,1,44.199356,-115.192244,161.9647,44,0,NA,NA,NA,NA,NA,735,266.6439,28,15,1,NA,74.965282,NA,402,2,0,0,0,0,0,None
88256,101,16,40390521010690,2011,2,2011,51046332020004,1,1,1,45.335801,-116.560553,130.7919,23,0,NA,0,NA,0,NA,670,208.4931,82,12,0.75,NA,6.018046,NA,616,6,3,0.5,0,0,0,None
88257,101,16,35371621010690,2009,2,2009,39515533010690,1,1,1,43.91593,-114.496261,181.4911,26,10,9999,0,NA,NA,NA,670,366.2623,30,87,0.75,NA,74.965282,NA,414,4,0,0,1,0,0,INSECT
88271,101,16,5390721010690,2005,2,2005,5390724010690,1,1,1,45.195441,-115.914071,81.0528,37,0,NA,NA,NA,NA,NA,700,162.7365,65,140,1,NA,6.018046,NA,412,9,1,0.1111111111111111,0,0,0,None
88292,101,16,12284595010690,2007,2,2007,12284599010690,2,1,1,44.40061,-112.943009,101.8769,36,0,NA,NA,NA,NA,NA,595,167.581,8,289,0.25,NA,6.018046,NA,415,1,0,0,0,0,0,None
88302,101,16,35371640010690,2009,2,2009,39515595010690,1,2,1,44.540999,-115.210991,37.3539,23,0,NA,NA,NA,NA,NA,735,72.1828,62,79,1,NA,6.018046,2007,413,1,1,1,0,0,0,None
88309,101,16,37275932010690,2010,2,2010,42518489010690,1,1,1,45.286058,-116.238698,219.4255,55,0,NA,0,NA,0,NA,670,311.5913,10,160,1,NA,6.018046,NA,412,2,0,0,0,0,0,None
88314,101,16,4724735010690,2004,2,2004,4724738010690,1,2,1,44.451226,-114.550811,143.7967,25,0,NA,NA,NA,NA,NA,595,209.8981,50,176,1,NA,6.018046,NA,413,21,10,0.47619047619047616,0,0,0,None
88329,101,16,40390058010690,2013,2,2013,273505100489998,1,1,1,43.909735,-114.382399,62.1115,20,0,NA,0,NA,0,NA,470,138.1009,53,45,1,NA,74.965282,NA,413,22,3,0.13636363636363635,0,0,0,None
88344,101,16,40390464010690,2013,2,2013,273530209489998,1,1,1,45.678499,-114.824325,4.3276,29,0,NA,0,NA,0,NA,700,8.511,30,303,1,NA,6.018046,NA,103,2,1,0.5,0,0,0,None
88357,101,16,31366568010690,2008,2,2008,31366571010690,1,2,1,46.106579,-114.486099,50.3704,26,12,9999,20,9999,0,NA,735,100.7851,36,21,1,NA,6.018046,NA,117,2,2,1,1,0,0,INSECT
88361,101,16,40390525010690,2011,2,2011,51046482020004,1,1,1,45.329071,-115.848272,120.1739,49,0,NA,0,NA,0,NA,700,212.1449,40,191,1,NA,6.018046,NA,412,4,0,0,0,0,0,None
88364,101,16,40389403010690,2012,2,2013,272347255489998,1,2,1,48.206304,-116.051248,71.4111,17,0,NA,0,NA,0,NA,735,108.3237,85,330,0.25,NA,6.018046,NA,104,2,2,1,0,0,0,None
88401,101,16,35370917010690,2009,2,2009,39506645010690,1,2,1,45.15799,-116.613212,74.0376,25,0,NA,NA,NA,NA,NA,735,127.2652,35,295,0.75,NA,6.018046,2008,412,1,1,1,0,0,0,None
88424,101,16,4730060010690,2004,2,2004,4730063010690,1,1,1,45.625327,-114.568991,169.2691,34,0,NA,NA,NA,NA,NA,735,356.4851,47,270,1,NA,6.018046,NA,103,16,5,0.3125,0,0,0,None
88466,101,16,40389970010690,2012,2,2012,195361309020004,1,2,1,44.45086,-114.612187,71.8096,17,0,NA,0,NA,0,NA,735,161.8121,50,358,1,NA,6.018046,NA,413,7,7,1,0,0,0,None
88476,101,16,31366619010690,2008,2,2008,31366622010690,1,1,1,46.259601,-114.860333,98.1926,43,0,NA,NA,NA,NA,NA,700,179.43,20,95,1,NA,6.018046,NA,117,1,0,0,0,0,0,None
88515,101,16,4730157010690,2004,2,2004,4730160010690,1,2,1,46.440259,-114.654109,125.7131,28,0,NA,NA,NA,NA,NA,735,266.6467,8,60,1,NA,6.018046,NA,105,1,1,1,0,0,0,None
88531,101,16,12290379010690,2007,2,2008,12290381010690,1,1,1,44.871949,-115.298802,60.0386,33,31,2003,0,NA,NA,NA,700,114.0033,40,80,1,NA,6.018046,NA,412,1,0,0,0,0,1,FIRE
88543,101,16,35372105010690,2009,2,2009,39524019010690,1,1,1,44.937637,-113.917732,160.38,32,0,NA,NA,NA,NA,NA,595,207.5753,62,265,1,NA,6.018046,NA,413,2,0,0,0,0,0,None
88547,101,16,37275485010690,2010,2,2010,42495799010690,1,2,1,43.871491,-114.821932,141.1598,45,12,9999,0,NA,0,NA,595,203.9594,67,57,0.75,NA,6.018046,2008,414,12,8,0.6666666666666666,1,0,0,INSECT
88560,101,16,37275774010690,2010,2,2010,42509590010690,1,2,1,44.620443,-115.026343,65.6011,38,0,NA,0,NA,0,NA,595,113.082,53,213,1,NA,6.018046,NA,413,5,3,0.6,0,0,0,None
88619,101,16,31369405010690,2008,2,2008,31369408010690,1,2,1,45.126319,-114.452293,0,43,0,NA,NA,NA,NA,NA,595,0,45,288,1,NA,6.018046,2002,413,10,10,1,0,0,0,None
88659,101,16,37275783010690,2010,2,2011,50635894020004,1,2,1,43.699683,-115.142805,1.8814,21,0,NA,0,NA,0,NA,735,5.214,22,15,1,NA,6.018046,NA,402,6,6,1,0,0,0,None
88704,101,16,37275901010690,2010,2,2010,42515501010690,1,2,1,45.805705,-114.556842,63.3075,25,0,NA,0,NA,0,NA,735,136.0573,85,270,1,NA,6.018046,NA,103,18,18,1,0,0,0,None
88716,101,16,40391511010690,2011,2,2011,51056907020004,1,1,1,45.011732,-115.545132,36.9836,41,0,NA,0,NA,0,NA,700,73.6694,30,174,1,NA,6.018046,NA,412,4,0,0,0,0,0,None
88746,101,16,40391522010690,2011,2,2012,51057074020004,1,1,1,44.911486,-114.97958,45.4651,NA,0,NA,0,NA,0,NA,595,82.3438,55,225,1,NA,6.018046,NA,412,2,0,0,0,0,0,None
88771,101,16,37275751010690,2010,2,2010,42509094010690,1,2,1,44.190112,-114.810515,135.5848,NA,12,9999,0,NA,0,NA,670,228.7352,33,319,1,NA,6.018046,2007,414,1,1,1,1,0,0,INSECT
88821,101,16,4733036010690,2004,2,2004,4733039010690,1,1,1,44.802738,-113.915379,13.9287,29,0,NA,NA,NA,NA,NA,595,30.8919,53,204,1,NA,6.018046,NA,413,6,1,0.16666666666666666,0,0,0,None
88849,101,16,31353941010690,2008,2,2008,31353945010690,2,1,1,43.833797,-114.68871,98.2401,23,0,NA,NA,NA,NA,NA,735,229.867,15,70,0.25,NA,6.018046,NA,414,1,0,0,0,0,0,None
88873,101,16,4733058010690,2004,2,2004,4733061010690,1,1,1,45.491004,-114.443493,114.7131,30,0,NA,NA,NA,NA,NA,700,246.298,44,313,1,NA,6.018046,NA,413,8,0,0,0,0,0,None
88887,101,16,31366811010690,2008,2,2008,31366814010690,1,2,1,45.554944,-116.16157,101.6337,35,0,NA,NA,NA,NA,NA,735,205.2667,40,270,1,NA,6.018046,2003,117,14,11,0.7857142857142857,0,0,0,None
88914,101,16,11800993010690,2006,2,2006,11800996010690,1,1,1,43.618888,-115.447611,63.746,22,0,NA,NA,NA,NA,NA,735,164.2259,60,355,0.75,NA,74.965282,NA,402,2,0,0,0,0,0,None
88929,101,16,35371607010690,2009,2,2011,50634285020004,1,1,2,44.050889,-114.507046,NA,NA,0,NA,NA,NA,NA,NA,0,NA,NA,NA,1,NA,6.018046,NA,414,1,0,0,0,0,0,None
88931,101,16,40390474010690,2012,2,2013,272346408489998,1,2,1,45.596649,-115.648904,70.3707,35,0,NA,0,NA,0,NA,735,146.1244,36,2,1,NA,6.018046,NA,117,3,3,1,0,0,0,None
88943,101,16,35371566010690,2009,2,2010,42490967010690,1,2,1,44.406501,-113.574025,39.4848,NA,12,9999,0,NA,0,NA,595,69.6579,39,300,1,NA,NA,2008,413,15,5,0.3333333333333333,1,0,0,INSECT
88965,101,16,12270172010690,2007,2,2007,12270175010690,1,1,1,44.248559,-115.440422,141.2169,27,0,NA,NA,NA,NA,NA,700,301.0882,9,294,1,NA,6.018046,NA,402,1,0,0,0,0,0,None
